year,julian,month,day_of_month,Suct_mean_mm,Saturation_mean,TSW_mean_mm
1980,3,1,3,4.608383838383831,0.7031313131313136,29.779494949494968
1980,7,1,7,5.725959595959594,0.6485858585858579,27.375454545454527
1980,8,1,8,6.107171717171722,0.6394949494949496,27.176969696969696
1980,9,1,9,6.128888888888881,0.6631313131313132,28.03282828282831
1980,10,1,10,5.381212121212128,0.6758585858585862,28.557878787878817
1980,11,1,11,4.998585858585863,0.6562626262626262,27.6971717171717
1980,12,1,12,5.611818181818187,0.6604040404040411,27.97444444444448
1980,13,1,13,5.469292929292927,0.6628282828282833,27.961515151515183
1980,14,1,14,5.38777777777778,0.6733333333333341,28.432727272727274
1980,16,1,16,4.791616161616159,0.6836363636363624,28.985757575757567
1980,17,1,17,4.916565656565655,0.6716161616161617,28.441616161616164
1980,20,1,20,1.6422222222222231,0.8237373737373741,34.842323232323224
1980,22,1,22,0.8229292929292956,0.8904040404040416,37.6111111111111
1980,23,1,23,0.7372727272727296,0.8850505050505048,37.54080808080806
1980,24,1,24,0.7231313131313153,0.8836363636363628,37.47343434343433
1980,25,1,25,0.793535353535356,0.9116161616161623,38.57272727272725
1980,26,1,26,0.34,0.9535353535353526,40.27202020202026
1980,27,1,27,0.34,0.938181818181817,39.694848484848485
1980,35,2,4,0.34,0.94121212121212,39.75444444444449
1980,41,2,10,0.34,0.9411111111111098,39.704646464646444
1980,42,2,11,0.34,0.941919191919191,39.98606060606057
1980,43,2,12,0.34,0.94121212121212,39.84929292929292
1980,44,2,13,0.34,0.9237373737373746,39.145959595959575
1980,45,2,14,0.34,0.9266666666666671,39.158686868686885
1980,46,2,15,0.34,0.9258585858585872,39.23818181818181
1980,47,2,16,0.34,0.934646464646466,39.66424242424242
1980,48,2,17,0.34,0.90939393939394,38.5981818181818
1980,50,2,19,0.34,0.8995959595959601,37.99848484848486
1980,51,2,20,0.34,0.8931313131313136,37.836464646464634
1980,52,2,21,0.34,0.8900000000000001,37.611515151515164
1980,54,2,23,0.34,0.9317171717171734,39.556666666666615
1980,57,2,26,0.34,0.921616161616163,39.076666666666675
1980,59,2,28,0.34,0.9314141414141434,39.36242424242423
1980,60,2,29,0.34,0.9314141414141434,39.43040404040406
1980,61,3,1,0.34,0.906868686868687,38.440606060606044
1980,62,3,2,0.34,0.9002020202020208,38.15070707070709
1980,70,3,10,0.34,0.9510101010101026,40.243434343434394
1980,73,3,13,0.34,0.9131313131313116,38.77414141414147
1980,75,3,15,0.34,0.9124242424242407,38.73616161616163
1980,232,8,19,8.464242424242423,0.3628282828282825,15.254747474747454
1980,287,10,13,8.08090909090909,0.41434343434343446,17.464444444444425
1980,294,10,20,7.952323232323234,0.4206060606060605,17.726060606060592
1980,304,10,30,7.857373737373739,0.4308080808080806,18.135656565656554
1980,313,11,8,7.779696969696973,0.4476767676767676,18.862424242424222
1980,319,11,14,7.485757575757578,0.46757575757575764,19.676262626262606
1980,328,11,23,7.37606060606061,0.48171717171717204,20.34929292929292
1980,329,11,24,7.3537373737373795,0.4802020202020204,20.281515151515144
1980,334,11,29,7.369292929292935,0.482626262626263,20.32050505050503
1980,342,12,7,5.875353535353539,0.627575757575758,26.54101010101012
1980,353,12,18,3.5246464646464606,0.7147474747474747,30.1979797979798
1980,357,12,22,3.483131313131308,0.6848484848484852,28.92171717171718
1980,358,12,23,3.5437373737373696,0.6694949494949498,28.25333333333335
1980,362,12,27,4.213434343434341,0.6290909090909097,26.558686868686877
1980,363,12,28,4.39353535353535,0.6223232323232328,26.328080808080813
1980,364,12,29,4.5591919191919175,0.6051515151515157,25.53575757575759
1982,3,1,3,3.2897979797979757,0.696161616161616,29.49434343434342
1982,7,1,7,1.8673737373737391,0.7587878787878787,32.125656565656556
1982,8,1,8,2.129191919191921,0.7787878787878793,33.01555555555556
1982,9,1,9,2.002222222222224,0.7935353535353531,33.511111111111106
1982,10,1,10,2.147878787878791,0.7647474747474745,32.39040404040404
1982,11,1,11,2.2326262626262645,0.8116161616161608,34.39989898989903
1982,12,1,12,2.2490909090909112,0.8172727272727265,34.65727272727271
1982,13,1,13,2.256363636363639,0.8037373737373731,34.07858585858584
1982,14,1,14,2.2624242424242453,0.8093939393939402,34.274242424242445
1982,16,1,16,2.272222222222225,0.8164646464646458,34.4270707070707
1982,17,1,17,2.2758585858585887,0.8097979797979798,34.32656565656566
1982,20,1,20,2.1612121212121242,0.8139393939393944,34.502727272727256
1982,22,1,22,1.6949494949494974,0.8089898989898989,34.28909090909091
1982,23,1,23,1.682525252525255,0.8741414141414153,36.90959595959597
1982,24,1,24,0.9941414141414164,0.8955555555555567,37.807878787878806
1982,25,1,25,0.8257575757575788,0.9116161616161627,38.572121212121246
1982,26,1,26,0.8315151515151546,0.9151515151515167,38.6914141414141
1982,27,1,27,0.831919191919195,0.9152525252525261,38.71232323232323
1982,35,2,4,0.8018181818181848,0.9188888888888894,39.00525252525256
1982,41,2,10,0.6971717171717201,0.9258585858585863,39.217676767676785
1982,42,2,11,0.6551515151515181,0.9121212121212109,38.544646464646455
1982,43,2,12,0.6833333333333362,0.9211111111111127,39.06454545454548
1982,44,2,13,0.7112121212121242,0.9009090909090927,38.20686868686868
1982,45,2,14,0.7293939393939425,0.8988888888888905,38.104040404040376
1982,46,2,15,0.7327272727272758,0.8909090909090913,37.66525252525251
1982,47,2,16,0.7315151515151546,0.8746464646464647,36.95404040404039
1982,48,2,17,0.7315151515151546,0.8924242424242439,37.64232323232325
1982,50,2,19,0.7587878787878817,0.8699999999999986,36.912121212121185
1982,51,2,20,0.7956565656565686,0.8751515151515163,37.12717171717175
1982,52,2,21,0.8328282828282857,0.8726262626262641,37.02525252525249
1982,54,2,23,0.9096969696969726,0.8843434343434334,37.3462626262626
1982,57,2,26,0.9830303030303058,0.8791919191919184,37.06828282828281
1982,59,2,28,1.0578787878787907,0.8655555555555569,36.70444444444443
1982,60,3,1,1.1033333333333362,0.8790909090909085,37.193030303030305
1982,61,3,2,0.9963636363636391,0.8634343434343427,36.52464646464647
1982,62,3,3,0.975555555555558,0.8633333333333346,36.42434343434342
1982,70,3,11,1.2200000000000024,0.8582828282828273,36.28737373737374
1982,73,3,14,1.1463636363636391,0.7869696969696963,33.28070707070707
1982,75,3,16,1.0827272727272752,0.7818181818181817,33.11242424242423
1982,232,8,20,8.336868686868684,0.3611111111111108,15.226565656565638
1982,287,10,14,7.667474747474752,0.4026262626262624,16.9581818181818
1982,294,10,21,7.511111111111114,0.42212121212121234,17.80090909090907
1982,304,10,31,7.040404040404038,0.4206060606060603,17.724848484848472
1982,313,11,9,7.134040404040407,0.4770707070707074,20.121010101010114
1982,319,11,15,3.2658585858585854,0.725353535353536,30.569595959595976
1982,328,11,24,2.814343434343436,0.7823232323232328,33.05404040404044
1982,329,11,25,2.434343434343437,0.7867676767676759,33.197474747474764
1982,334,11,30,2.1576767676767705,0.7742424242424244,32.735050505050516
1982,342,12,8,0.34,0.9511111111111127,40.380606060606034
1982,353,12,19,0.34,0.9587878787878774,40.53676767676771
1982,357,12,23,0.34,0.9306060606060621,39.33363636363636
1982,358,12,24,0.34,0.9510101010101026,40.23303030303026
1982,362,12,28,0.34,0.9625252525252515,40.87131313131311
1982,363,12,29,0.34,0.9540404040404049,40.35969696969694
1982,364,12,30,0.34,0.952323232323233,40.430404040404085
1983,3,1,3,0.34,0.9510101010101026,40.27202020202015
1983,7,1,7,0.34,0.9509090909090925,40.236868686868725
1983,8,1,8,0.34,0.9410101010100999,39.78878787878782
1983,9,1,9,0.34,0.930101010101012,39.28585858585865
1983,10,1,10,0.34,0.9279797979797998,39.164949494949525
1983,11,1,11,0.34,0.9178787878787894,38.953737373737404
1983,12,1,12,0.34,0.9249494949494966,39.14545454545451
1983,13,1,13,0.33797979797979805,0.9332323232323217,39.48686868686869
1983,14,1,14,0.34393939393939404,0.932222222222221,39.52313131313128
1983,16,1,16,0.3668686868686872,0.9402020202020216,39.78171717171722
1983,17,1,17,0.3718181818181822,0.9485858585858574,39.991111111111145
1983,20,1,20,0.34828282828282847,0.9333333333333326,39.599595959595995
1983,22,1,22,0.35171717171717193,0.9440404040404046,40.03696969696971
1983,23,1,23,0.34333333333333343,0.9334343434343428,39.49818181818182
1983,24,1,24,0.3493939393939396,0.9179797979797986,38.90696969696972
1983,25,1,25,0.3574747474747477,0.926767676767678,39.290606060606045
1983,26,1,26,0.340909090909091,0.9079797979797962,38.486767676767684
1983,27,1,27,0.3531313131313133,0.8910101010101018,37.634242424242444
1983,35,2,4,0.34,0.8715151515151516,36.90646464646464
1983,41,2,10,0.34,0.9068686868686866,38.330303030303035
1983,42,2,11,0.34,0.9396969696969684,39.79595959595962
1983,43,2,12,0.34,0.9244444444444451,39.1582828282828
1983,44,2,13,0.34,0.8872727272727279,37.4550505050505
1983,45,2,14,0.34,0.9308080808080826,39.39818181818178
1983,46,2,15,0.34,0.9314141414141434,39.49909090909087
1983,47,2,16,0.34,0.9314141414141434,39.342828282828286
1983,48,2,17,0.34,0.9411111111111098,39.70262626262623
1983,50,2,19,0.34,0.921616161616163,38.91989898989902
1983,51,2,20,0.34,0.9211111111111124,38.90313131313135
1983,52,2,21,0.34,0.9297979797979817,39.22868686868683
1983,54,2,23,0.34,0.9141414141414126,38.79030303030303
1983,57,2,26,0.34,0.8940404040404046,37.86535353535353
1983,59,2,28,0.34,0.8897979797979801,37.584646464646475
1983,60,3,1,0.34,0.8918181818181821,37.80000000000001
1983,61,3,2,0.34,0.8636363636363635,36.568989898989884
1983,62,3,3,0.3367676767676768,0.8433333333333324,35.6829292929293
1983,70,3,11,0.34,0.921616161616163,38.93868686868689
1983,73,3,14,0.34,0.8254545454545459,34.87060606060606
1983,75,3,16,0.34,0.8742424242424238,37.03515151515151
1983,232,8,20,8.576161616161613,0.3131313131313125,13.174848484848473
1983,287,10,14,3.995757575757572,0.6552525252525249,27.741616161616175
1983,294,10,21,4.900303030303029,0.5392929292929298,22.841515151515157
1983,304,10,31,6.38717171717172,0.537777777777778,22.753434343434336
1983,313,11,9,6.406969696969699,0.4943434343434346,20.867474747474734
1983,319,11,15,4.281515151515148,0.669191919191919,28.30707070707071
1983,328,11,24,3.214646464646464,0.722020202020202,30.59363636363638
1983,329,11,25,2.9645454545454553,0.7274747474747476,30.82585858585857
1983,334,11,30,2.0083838383838413,0.8349494949494941,35.242929292929304
1983,342,12,8,1.1526262626262656,0.8818181818181831,37.251818181818216
1983,353,12,19,0.5357575757575779,0.9558585858585851,40.54858585858584
1983,357,12,23,0.5315151515151536,0.9481818181818172,40.10474747474749
1983,358,12,24,0.5219191919191939,0.9319191919191904,39.52898989898991
1983,362,12,28,0.430000000000001,0.9528282828282821,40.283333333333374
1983,363,12,29,0.33878787878787886,0.9585858585858571,40.49252525252523
1983,364,12,30,0.34,0.9608080808080792,40.74404040404036
1985,3,1,3,0.34,0.9423232323232316,40.01717171717175
1985,7,1,7,0.34,0.9699999999999992,40.97222222222226
1985,8,1,8,0.34,0.9525252525252529,40.42393939393941
1985,9,1,9,0.34,0.9440404040404023,39.84414141414141
1985,10,1,10,0.34,0.9420202020202016,39.82181818181818
1985,11,1,11,0.34,0.9496969696969713,40.11171717171713
1985,12,1,12,0.34,0.9485858585858601,40.02161616161615
1985,13,1,13,0.34,0.9387878787878775,39.79969696969693
1985,14,1,14,0.34,0.9474747474747491,40.09999999999995
1985,16,1,16,0.34,0.9475757575757586,40.207777777777736
1985,17,1,17,0.34,0.945656565656567,39.92747474747472
1985,20,1,20,0.34,0.9452525252525268,39.99161616161621
1985,22,1,22,0.3407070707070708,0.9541414141414127,40.360404040404
1985,23,1,23,0.3438383838383839,0.9633333333333325,40.710202020202054
1985,24,1,24,0.34303030303030313,0.9460606060606069,40.135353535353545
1985,25,1,25,0.346868686868687,0.944444444444446,40.05141414141413
1985,26,1,26,0.35282828282828305,0.943636363636365,39.890202020202004
1985,27,1,27,0.3605050505050508,0.9435353535353552,40.00050505050509
1985,35,2,4,0.3769696969696974,0.9420202020202036,39.94898989898992
1985,41,2,10,0.3802020202020207,0.9360606060606048,39.5958585858586
1985,42,2,11,0.34,0.9219191919191936,39.147474747474725
1985,43,2,12,0.34,0.921616161616163,38.97787878787882
1985,44,2,13,0.34,0.9020202020202028,38.27484848484845
1985,45,2,14,0.34,0.902727272727273,38.32383838383841
1985,46,2,15,0.34,0.9118181818181798,38.51191919191921
1985,47,2,16,0.34,0.9314141414141434,39.233737373737334
1985,48,2,17,0.34,0.94121212121212,39.78737373737372
1985,50,2,19,0.34,0.922222222222224,39.03929292929292
1985,51,2,20,0.34,0.9320202020202029,39.58191919191923
1985,52,2,21,0.34,0.9129292929292915,38.761313131313095
1985,54,2,23,0.34,0.9306060606060624,39.4362626262626
1985,57,2,26,0.34,0.9165656565656581,38.90060606060602
1985,59,2,28,0.3406060606060607,0.9118181818181832,38.69575757575762
1985,60,3,1,0.3484848484848486,0.9108080808080824,38.66010101010099
1985,61,3,2,0.37787878787878837,0.8860606060606063,37.601010101010104
1985,62,3,3,0.3871717171717177,0.9047474747474764,38.408080808080854
1985,70,3,11,0.5006060606060616,0.8123232323232327,34.33080808080808
1985,73,3,14,0.7427272727272745,0.8439393939393933,35.79737373737373
1985,75,3,16,1.0200000000000022,0.8472727272727285,35.88010101010098
1985,232,8,20,8.550101010101011,0.33202020202020127,13.957373737373718
1985,287,10,14,7.681515151515148,0.38070707070707055,16.065555555555537
1985,294,10,21,7.6530303030303015,0.45353535353535374,19.10818181818182
1985,304,10,31,7.356666666666667,0.42212121212121195,17.78545454545453
1985,313,11,9,7.210303030303031,0.45313131313131333,19.132020202020183
1985,319,11,15,6.655454545454548,0.47141414141414145,19.84464646464645
1985,328,11,24,6.610303030303024,0.5072727272727278,21.44050505050507
1985,329,11,25,6.078181818181819,0.5238383838383841,22.172121212121194
1985,334,11,30,2.4226262626262653,0.8055555555555546,34.08414141414141
1985,342,12,8,0.34,0.9510101010101026,40.1266666666667
1985,353,12,19,0.34,0.9325252525252513,39.384040404040434
1985,357,12,23,0.3605050505050508,0.9380808080808095,39.759797979798044
1985,358,12,24,0.3766666666666671,0.9369696969696986,39.6355555555556
1985,362,12,28,0.43040404040404123,0.9533333333333326,40.223838383838405
1985,363,12,29,0.43757575757575845,0.9551515151515146,40.45242424242425
1985,364,12,30,0.42111111111111194,0.9458585858585846,40.14030303030303
1986,3,1,3,0.4487878787878796,0.9389898989898989,39.68292929292929
1986,7,1,7,0.43282828282828373,0.9237373737373727,38.98656565656563
1986,8,1,8,0.45696969696969786,0.9222222222222209,39.00888888888895
1986,9,1,9,0.4828282828282837,0.9190909090909082,38.765858585858545
1986,10,1,10,0.5119191919191931,0.9096969696969703,38.59444444444443
1986,11,1,11,0.5424242424242437,0.9046464646464663,38.284949494949466
1986,12,1,12,0.5773737373737389,0.9008080808080825,38.11474747474744
1986,13,1,13,0.6126262626262644,0.9073737373737366,38.497474747474726
1986,14,1,14,0.6349494949494969,0.9167676767676771,38.89353535353534
1986,16,1,16,0.6494949494949516,0.9221212121212109,38.98656565656564
1986,17,1,17,0.6534343434343456,0.9041414141414134,38.35767676767675
1986,20,1,20,0.706666666666669,0.903939393939395,38.20424242424243
1986,22,1,22,0.7335353535353559,0.9019191919191931,38.20353535353538
1986,23,1,23,0.7474747474747496,0.8911111111111104,37.80050505050508
1986,24,1,24,0.7800000000000021,0.8889898989898982,37.699898989898976
1986,25,1,25,0.8245454545454568,0.8677777777777792,36.80969696969695
1986,26,1,26,0.9121212121212144,0.8692929292929304,36.83151515151517
1986,27,1,27,0.9858585858585881,0.8714141414141408,36.82141414141417
1986,35,2,4,0.34747474747474766,0.8646464646464653,36.59313131313132
1986,41,2,10,0.34,0.9496969696969714,40.0168686868687
1986,42,2,11,0.34,0.952121212121213,40.420303030302975
1986,43,2,12,0.34,0.9699999999999992,40.96323232323229
1986,44,2,13,0.34,0.9511111111111121,40.3708080808081
1986,45,2,14,0.34,0.934343434343435,39.56060606060607
1986,46,2,15,0.34,0.9519191919191924,40.40878787878785
1986,47,2,16,0.34,0.9511111111111121,40.36434343434339
1986,48,2,17,0.34,0.9599999999999985,40.518989898989986
1986,50,2,19,0.34,0.914646464646463,38.80656565656566
1986,51,2,20,0.34,0.8881818181818188,37.561010101010076
1986,52,2,21,0.34,0.837979797979797,35.52373737373736
1986,54,2,23,0.34,0.9118181818181798,38.714444444444496
1986,57,2,26,0.34,0.921616161616163,38.85212121212121
1986,59,2,28,0.34,0.9230303030303049,39.19303030303025
1986,60,3,1,0.34,0.9314141414141434,39.390606060606096
1986,61,3,2,0.34,0.931212121212123,39.27212121212117
1986,62,3,3,0.34,0.9227272727272744,39.16393939393942
1986,70,3,11,0.33545454545454545,0.731515151515152,30.9329292929293
1986,73,3,14,0.6701010101010105,0.727474747474747,30.776060606060618
1986,75,3,16,1.4875757575757584,0.7572727272727265,32.107676767676764
1986,232,8,20,8.408686868686866,0.3478787878787875,14.653333333333316
1986,287,10,14,7.690101010101012,0.4026262626262624,16.959393939393916
1986,294,10,21,7.461313131313137,0.427070707070707,17.945656565656552
1986,304,10,31,7.328181818181821,0.44232323232323234,18.599090909090894
1986,313,11,9,7.301414141414143,0.4409090909090911,18.619797979797962
1986,319,11,15,7.187474747474746,0.4363636363636362,18.45707070707072
1986,328,11,24,6.200202020202019,0.5388888888888889,22.717272727272725
1986,329,11,25,5.488484848484847,0.5591919191919192,23.634141414141435
1986,334,11,30,5.532929292929288,0.532121212121212,22.48141414141413
1986,342,12,8,4.925151515151512,0.5616161616161618,23.794545454545442
1986,353,12,19,5.625656565656565,0.566767676767677,23.896363636363642
1986,357,12,23,5.594040404040403,0.5638383838383847,23.77232323232323
1986,358,12,24,5.603232323232321,0.5582828282828288,23.533636363636354
1986,362,12,28,5.663131313131312,0.5589898989898997,23.634040404040412
1986,363,12,29,5.673939393939392,0.557272727272728,23.554848484848478
1986,364,12,30,5.690707070707069,0.5566666666666674,23.522222222222215
1987,3,1,3,5.737575757575757,0.5593939393939399,23.768181818181812
1987,7,1,7,3.3399999999999963,0.6748484848484847,28.57575757575758
1987,8,1,8,3.395151515151512,0.6929292929292931,29.34686868686867
1987,9,1,9,3.2751515151515114,0.6933333333333338,29.3751515151515
1987,10,1,10,3.4472727272727224,0.6896969696969693,29.11616161616162
1987,11,1,11,3.6892929292929253,0.6925252525252522,29.24323232323234
1987,12,1,12,3.7499999999999964,0.694242424242424,29.32646464646466
1987,13,1,13,3.7606060606060563,0.7017171717171723,29.718888888888916
1987,14,1,14,3.766161616161612,0.700101010101011,29.536969696969685
1987,16,1,16,3.7803030303030263,0.6995959595959605,29.506666666666664
1987,17,1,17,3.7878787878787827,0.6989898989899,29.53252525252526
1987,20,1,20,3.7959595959595913,0.6729292929292932,28.45191919191921
1987,22,1,22,3.802626262626259,0.6583838383838388,27.792121212121216
1987,23,1,23,3.9060606060606013,0.6488888888888893,27.373939393939395
1987,24,1,24,4.036565656565652,0.6398989898989903,27.004949494949493
1987,25,1,25,4.190808080808076,0.6265656565656568,26.522727272727295
1987,26,1,26,4.3594949494949455,0.6142424242424244,25.92121212121213
1987,27,1,27,4.552525252525249,0.6109090909090914,25.84464646464647
1987,35,2,4,5.233131313131309,0.562121212121213,23.785858585858588
1987,41,2,10,4.793434343434343,0.5666666666666667,23.96757575757577
1987,42,2,11,5.019696969696965,0.5610101010101014,23.671717171717173
1987,43,2,12,5.3539393939393936,0.6067676767676763,25.630808080808055
1987,44,2,13,4.509898989898989,0.653131313131313,27.62464646464647
1987,45,2,14,3.789393939393937,0.6088888888888886,25.743636363636366
1987,46,2,15,4.405050505050502,0.6313131313131313,26.771717171717167
1987,47,2,16,3.9702020202020165,0.5864646464646469,24.787575757575766
1987,48,2,17,4.77464646464646,0.5703030303030306,24.066868686868684
1987,50,2,19,5.283838383838382,0.540303030303031,22.852525252525243
1987,51,2,20,5.478686868686866,0.5309090909090913,22.45404040404039
1987,52,2,21,5.649797979797978,0.5211111111111117,22.021414141414137
1987,54,2,23,5.88919191919192,0.5231313131313132,22.045757575757573
1987,57,2,26,5.2162626262626235,0.536767676767677,22.630808080808073
1987,59,2,28,5.792626262626263,0.5240404040404042,22.131010101010098
1987,60,3,1,5.886060606060604,0.5195959595959598,21.965555555555547
1987,61,3,2,5.968686868686866,0.5163636363636365,21.779494949494943
1987,62,3,3,6.041010101010099,0.5132323232323236,21.617373737373736
1987,70,3,11,6.028989898989899,0.5020202020202019,21.20202020202019
1987,73,3,14,6.210505050505045,0.4527272727272724,19.093434343434318
1987,75,3,16,6.149393939393937,0.447373737373737,18.849494949494936
1987,232,8,20,8.2140404040404,0.3618181818181815,15.188787878787863
1987,287,10,14,7.871616161616156,0.39565656565656565,16.653131313131297
1987,294,10,21,7.525858585858586,0.4270707070707071,18.03242424242423
1987,304,10,31,5.059292929292928,0.5705050505050508,24.12828282828283
1987,313,11,9,0.4445454545454557,0.9348484848484843,39.693939393939345
1987,319,11,15,0.34,0.9405050505050492,39.73505050505045
1987,328,11,24,0.34,0.9320202020202006,39.49838383838381
1987,329,11,25,0.3411111111111112,0.9319191919191913,39.554040404040435
1987,334,11,30,0.4232323232323241,0.9450505050505039,40.10121212121215
1987,342,12,8,0.3563636363636366,0.9535353535353521,40.258585858585924
1987,353,12,19,0.34,0.9706060606060598,41.04707070707079
1987,357,12,23,0.34,0.9608080808080792,40.78232323232317
1987,358,12,24,0.34,0.9706060606060598,40.952424242424236
1987,362,12,28,0.34,0.9801010101010106,41.48565656565652
1987,363,12,29,0.34,0.9699999999999992,40.93101010101013
1987,364,12,30,0.34,0.9706060606060598,40.918888888888944
1991,3,1,3,5.4926262626262625,0.5852525252525258,24.753333333333323
1991,7,1,7,4.9304040404040395,0.5710101010101016,24.122828282828287
1991,8,1,8,5.3693939393939365,0.6127272727272735,25.903434343434345
1991,9,1,9,4.596666666666665,0.6079797979797975,25.726262626262624
1991,10,1,10,4.672727272727269,0.5835353535353538,24.687474747474756
1991,11,1,11,5.128787878787876,0.5620202020202024,23.794040404040395
1991,12,1,12,5.502323232323232,0.5476767676767683,23.098686868686872
1991,13,1,13,5.7495959595959585,0.5368686868686873,22.625151515151515
1991,14,1,14,5.866969696969695,0.5272727272727276,22.24272727272726
1991,16,1,16,6.037878787878789,0.5198989898989902,21.903333333333325
1991,17,1,17,6.111818181818183,0.5158585858585862,21.731111111111105
1991,20,1,20,6.17737373737374,0.5204040404040411,21.97979797979796
1991,22,1,22,6.246565656565658,0.5140404040404044,21.682424242424233
1991,23,1,23,6.2852525252525275,0.5155555555555562,21.71323232323231
1991,24,1,24,6.325656565656568,0.5152525252525261,21.769191919191908
1991,25,1,25,6.347272727272729,0.5184848484848492,21.837676767676758
1991,26,1,26,6.354646464646465,0.516262626262627,21.808686868686845
1991,27,1,27,6.353838383838384,0.5193939393939403,21.87858585858585
1991,35,2,4,6.394242424242426,0.5112121212121217,21.60383838383837
1991,41,2,10,6.47737373737374,0.5003030303030307,21.1330303030303
1991,42,2,11,6.481111111111114,0.5031313131313135,21.191919191919183
1991,43,2,12,6.480606060606063,0.49929292929292957,21.02292929292928
1991,44,2,13,6.494545454545455,0.49707070707070744,20.935656565656554
1991,45,2,14,6.515252525252526,0.4911111111111118,20.704848484848473
1991,46,2,15,6.5385858585858605,0.49353535353535394,20.77929292929291
1991,47,2,16,6.569797979797981,0.4924242424242429,20.73747474747473
1991,48,2,17,6.605353535353539,0.4888888888888892,20.58101010101009
1991,50,2,19,6.680505050505053,0.47626262626262644,20.11959595959595
1991,51,2,20,6.742929292929294,0.4735353535353541,19.940404040404022
1991,52,2,21,6.812020202020203,0.4696969696969702,19.811111111111096
1991,54,2,23,6.91050505050505,0.4696969696969699,19.823535353535345
1991,57,2,26,6.9531313131313155,0.5119191919191921,21.637373737373732
1991,59,2,28,5.411616161616159,0.5468686868686865,23.160202020202032
1991,60,3,1,4.873232323232322,0.5731313131313133,24.21555555555556
1991,61,3,2,4.256565656565654,0.6664646464646468,28.185252525252523
1991,62,3,3,3.0062626262626257,0.6423232323232321,27.18353535353536
1991,70,3,11,0.9309090909090938,0.7977777777777784,33.679090909090924
1991,73,3,14,0.8870707070707096,0.7047474747474745,29.81191919191918
1991,75,3,16,1.6647474747474753,0.7764646464646467,32.81565656565657
1991,232,8,20,7.905959595959596,0.37696969696969673,15.853434343434328
1991,287,10,14,7.702121212121219,0.4086868686868681,17.231111111111098
1991,294,10,21,7.618989898989901,0.41818181818181804,17.584040404040383
1991,304,10,31,7.3392929292929265,0.43050505050505067,18.178989898989883
1991,313,11,9,7.294040404040409,0.4454545454545455,18.753333333333316
1991,319,11,15,7.184848484848489,0.4505050505050505,18.97545454545453
1991,328,11,24,7.20141414141414,0.4429292929292929,18.645252525252502
1991,329,11,25,7.206666666666668,0.44666666666666666,18.829898989898975
1991,334,11,30,7.078181818181821,0.4619191919191921,19.423232323232302
1991,342,12,8,5.745656565656566,0.5818181818181821,24.59979797979799
1991,353,12,19,6.234343434343434,0.5235353535353544,22.04040404040404
1991,357,12,23,6.260404040404042,0.5248484848484857,22.143030303030297
1991,358,12,24,6.263030303030304,0.5255555555555564,22.141818181818167
1991,362,12,28,5.486868686868686,0.5982828282828284,25.37828282828283
1991,363,12,29,4.447777777777775,0.6169696969696967,26.085757575757555
1991,364,12,30,4.049999999999997,0.6355555555555551,26.86454545454545
1992,3,1,3,2.904444444444444,0.7891919191919187,33.349393939393934
1992,7,1,7,1.6409090909090933,0.8270707070707072,35.076161616161585
1992,8,1,8,1.5435353535353555,0.8281818181818175,35.056868686868704
1992,9,1,9,1.294949494949497,0.889393939393939,37.68828282828283
1992,10,1,10,0.32999999999999996,0.915959595959595,38.70151515151518
1992,11,1,11,0.34,0.9421212121212115,40.002828282828226
1992,12,1,12,0.34,0.9495959595959608,40.05656565656567
1992,13,1,13,0.34,0.9510101010101026,40.34090909090908
1992,14,1,14,0.34,0.9510101010101026,40.115353535353506
1992,16,1,16,0.34,0.94121212121212,39.879595959596
1992,17,1,17,0.34,0.9510101010101026,40.32010101010101
1992,20,1,20,0.34,0.9507070707070722,40.120202020202065
1992,22,1,22,0.34,0.9413131313131304,39.94535353535357
1992,23,1,23,0.34,0.939090909090908,39.68171717171722
1992,24,1,24,0.34,0.92838383838384,39.397676767676714
1992,25,1,25,0.34,0.9346464646464635,39.43626262626266
1992,26,1,26,0.34,0.9430303030303046,39.95525252525253
1992,27,1,27,0.34,0.932323232323231,39.4731313131313
1992,35,2,4,0.5434343434343448,0.9079797979797987,38.54656565656563
1992,41,2,10,0.4540404040404049,0.9057575757575738,38.32545454545453
1992,42,2,11,0.3839393939393944,0.8984848484848483,38.07858585858585
1992,43,2,12,0.3787878787878793,0.8966666666666665,37.9308080808081
1992,44,2,13,0.37131313131313165,0.8894949494949502,37.69010101010101
1992,45,2,14,0.37191919191919237,0.8804040404040405,37.19565656565656
1992,46,2,15,0.37565656565656613,0.9084848484848465,38.46535353535354
1992,47,2,16,0.3367676767676768,0.9451515151515166,40.09161616161615
1992,48,2,17,0.34,0.9202020202020216,38.95969696969696
1992,50,2,19,0.34,0.9325252525252536,39.58767676767677
1992,51,2,20,0.34,0.9066666666666666,38.360606060606074
1992,52,2,21,0.34,0.9320202020202035,39.559090909090855
1992,54,2,23,0.34,0.921616161616163,38.950505050505
1992,57,2,26,0.34,0.9118181818181798,38.558585858585836
1992,59,2,28,0.34,0.9214141414141427,38.941212121212075
1992,60,2,29,0.34,0.9313131313131328,39.523838383838324
1992,61,3,1,0.34,0.9064646464646469,38.342424242424265
1992,62,3,2,0.34,0.8717171717171712,36.94171717171715
1992,70,3,10,0.34,0.9314141414141434,39.31292929292923
1992,73,3,13,0.34,0.9314141414141434,39.24404040404044
1992,75,3,15,0.34,0.9227272727272744,39.1848484848485
1992,232,8,19,8.356161616161613,0.3460606060606056,14.543939393939377
1992,287,10,13,7.901616161616167,0.41212121212121217,17.357474747474736
1992,294,10,20,7.701212121212123,0.41919191919191895,17.699797979797953
1992,304,10,30,5.864747474747475,0.49141414141414114,20.831818181818196
1992,313,11,8,3.6551515151515126,0.6882828282828283,29.157171717171725
1992,319,11,14,3.9104040404040377,0.6182828282828285,26.08242424242425
1992,328,11,23,5.6325252525252525,0.5407070707070711,22.864747474747485
1992,329,11,24,5.674141414141414,0.5439393939393947,23.003737373737376
1992,334,11,29,5.882020202020201,0.5327272727272732,22.533434343434344
1992,342,12,7,4.076363636363633,0.6496969696969693,27.472727272727276
1992,353,12,18,2.778282828282829,0.7819191919191915,33.031818181818174
1992,357,12,22,2.8305050505050517,0.7669696969696973,32.51343434343434
1992,358,12,23,2.8479797979798,0.7650505050505059,32.227878787878836
1992,362,12,27,2.7042424242424263,0.7696969696969693,32.589292929292924
1992,363,12,28,2.5172727272727293,0.7918181818181816,33.53939393939394
1992,364,12,29,2.1313131313131337,0.8438383838383832,35.60353535353534
1993,3,1,3,0.4688888888888896,0.9326262626262614,39.535353535353565
1993,7,1,7,0.34,0.9614141414141404,40.819999999999965
1993,8,1,8,0.34,0.9699999999999992,40.88323232323226
1993,9,1,9,0.34,0.9673737373737364,40.897070707070704
1993,10,1,10,0.34,0.9699999999999992,41.11191919191914
1993,11,1,11,0.34,0.9599999999999985,40.50919191919193
1993,12,1,12,0.34,0.9611111111111099,40.790808080808134
1993,13,1,13,0.34,0.9430303030303018,39.9910101010101
1993,14,1,14,0.34,0.9522222222222229,40.29949494949495
1993,16,1,16,0.34,0.9699999999999992,41.09969696969701
1993,17,1,17,0.34,0.9699999999999992,40.90040404040401
1993,20,1,20,0.34,0.9608080808080792,40.6852525252525
1993,22,1,22,0.34,0.9510101010101026,40.303232323232336
1993,23,1,23,0.34,0.94121212121212,39.822525252525324
1993,24,1,24,0.34,0.9422222222222215,39.98909090909086
1993,25,1,25,0.34,0.94121212121212,39.7011111111111
1993,26,1,26,0.34,0.94121212121212,39.65626262626266
1993,27,1,27,0.34,0.9510101010101026,40.31020202020209
1993,35,2,4,0.34,0.9425252525252519,40.00696969696973
1993,41,2,10,0.34,0.94121212121212,39.86141414141419
1993,42,2,11,0.34,0.9423232323232316,40.018181818181844
1993,43,2,12,0.34,0.9510101010101026,40.096868686868675
1993,44,2,13,0.34,0.915858585858584,38.68767676767677
1993,45,2,14,0.34,0.9423232323232316,39.989595959595924
1993,46,2,15,0.34,0.94121212121212,39.899595959596
1993,47,2,16,0.34,0.952121212121213,40.42020202020197
1993,48,2,17,0.34,0.9399999999999987,39.69141414141414
1993,50,2,19,0.34,0.9084848484848492,38.46505050505052
1993,51,2,20,0.34,0.9086868686868692,38.45575757575757
1993,52,2,21,0.34,0.9035353535353543,38.30909090909091
1993,54,2,23,0.34,0.9349494949494953,39.513636363636365
1993,57,2,26,0.34,0.9174747474747461,38.76474747474745
1993,59,2,28,0.34,0.94121212121212,39.737171717171734
1993,60,3,1,0.34,0.9037373737373743,38.14909090909091
1993,61,3,2,0.34,0.9314141414141434,39.41090909090912
1993,62,3,3,0.34,0.9314141414141434,39.23363636363633
1993,70,3,11,0.34,0.9108080808080788,38.645252525252545
1993,73,3,14,0.34,0.9050505050505031,38.19525252525248
1993,75,3,16,0.35121212121212136,0.9009090909090889,38.019797979797936
1993,232,8,20,8.181212121212122,0.3731313131313128,15.682727272727258
1993,287,10,14,7.354343434343436,0.42353535353535365,17.80292929292927
1993,294,10,21,7.4028282828282865,0.43111111111111133,18.1791919191919
1993,304,10,31,7.412222222222226,0.4441414141414143,18.679595959595943
1993,313,11,9,7.356464646464651,0.44787878787878793,18.90252525252524
1993,319,11,15,7.007878787878789,0.4515151515151515,19.06232323232322
1993,328,11,24,6.7771717171717185,0.48101010101010133,20.265050505050496
1993,329,11,25,6.75717171717172,0.4748484848484849,20.029191919191906
1993,334,11,30,5.440101010101009,0.5414141414141419,22.9149494949495
1993,342,12,8,6.472222222222223,0.501414141414142,21.119797979797966
1993,353,12,19,5.895757575757577,0.5786868686868686,24.491212121212108
1993,357,12,23,5.906868686868686,0.5248484848484852,22.118080808080812
1993,358,12,24,5.986363636363638,0.5212121212121215,21.985858585858573
1993,362,12,28,6.140101010101012,0.5235353535353542,22.095050505050494
1993,363,12,29,6.14878787878788,0.5190909090909095,21.93343434343434
1993,364,12,30,6.170000000000002,0.5214141414141421,21.974949494949485
1995,3,1,3,5.962121212121215,0.6536363636363639,27.666464646464657
1995,7,1,7,2.361919191919193,0.7899999999999997,33.46454545454545
1995,8,1,8,1.2341414141414149,0.8150505050505049,34.53868686868685
1995,9,1,9,0.7347474747474756,0.8508080808080806,36.009393939393945
1995,10,1,10,0.2877777777777777,0.8367676767676766,35.46010101010101
1995,11,1,11,0.28545454545454535,0.8317171717171714,35.211010101010096
1995,12,1,12,0.394545454545455,0.8380808080808079,35.52777777777779
1995,13,1,13,0.3037373737373737,0.8468686868686863,35.873636363636365
1995,14,1,14,0.24080808080808067,0.8741414141414149,36.88272727272728
1995,16,1,16,0.34,0.8748484848484832,37.06888888888888
1995,17,1,17,0.34,0.9371717171717157,39.582929292929315
1995,20,1,20,0.34,0.9599999999999985,40.54494949494955
1995,22,1,22,0.34,0.9611111111111099,40.63434343434342
1995,23,1,23,0.34,0.9616161616161605,40.83979797979794
1995,24,1,24,0.34,0.9611111111111099,40.8105050505051
1995,25,1,25,0.34,0.9699999999999992,40.90333333333329
1995,26,1,26,0.34,0.944747474747475,40.0641414141414
1995,27,1,27,0.34,0.9622222222222211,40.86101010101015
1995,35,2,4,0.34,0.9316161616161633,39.55474747474744
1995,41,2,10,0.34,0.9411111111111098,39.8412121212121
1995,42,2,11,0.34,0.9506060606060622,40.314545454545446
1995,43,2,12,0.34,0.9334343434343448,39.564343434343435
1995,44,2,13,0.34,0.9166666666666655,38.834747474747466
1995,45,2,14,0.34,0.933434343434345,39.49010101010102
1995,46,2,15,0.34,0.94121212121212,39.94808080808079
1995,47,2,16,0.34,0.94121212121212,39.644949494949465
1995,48,2,17,0.34,0.9314141414141434,39.40121212121209
1995,50,2,19,0.34,0.9020202020202028,38.24505050505054
1995,51,2,20,0.34,0.9020202020202028,38.24474747474751
1995,52,2,21,0.34,0.9229292929292947,39.18616161616163
1995,54,2,23,0.34,0.9334343434343443,39.63646464646469
1995,57,2,26,0.34,0.9410101010100999,39.65232323232326
1995,59,2,28,0.34,0.9423232323232316,40.00555555555551
1995,60,3,1,0.34,0.9421212121212117,39.97323232323231
1995,61,3,2,0.34,0.9500000000000017,40.1981818181818
1995,62,3,3,0.34,0.9399999999999987,39.74616161616161
1995,70,3,11,0.34,0.9149494949494932,38.667373737373715
1995,73,3,14,0.34,0.921616161616163,38.900505050505096
1995,75,3,16,0.34,0.921616161616163,38.87242424242423
1995,232,8,20,8.343636363636362,0.336666666666666,14.173333333333316
1995,287,10,14,7.862020202020206,0.41464646464646443,17.48313131313129
1995,294,10,21,7.757272727272731,0.4312121212121212,18.126464646464633
1995,304,10,31,7.636464646464646,0.4376767676767676,18.46454545454543
1995,313,11,9,6.986161616161617,0.46252525252525256,19.455151515151506
1995,319,11,15,6.802727272727277,0.4823232323232326,20.287272727272708
1995,328,11,24,6.7152525252525255,0.49101010101010123,20.740808080808073
1995,329,11,25,6.686262626262627,0.49575757575757634,20.889999999999993
1995,334,11,30,6.693030303030307,0.49747474747474807,21.013838383838372
1995,342,12,8,6.6084848484848475,0.5065656565656572,21.393333333333317
1995,353,12,19,5.999191919191918,0.5354545454545462,22.63424242424242
1995,357,12,23,5.4459595959595966,0.6042424242424248,25.61101010101011
1995,358,12,24,4.6110101010100975,0.5744444444444446,24.325555555555557
1995,362,12,28,3.262222222222223,0.7414141414141415,31.248484848484885
1995,363,12,29,3.237676767676768,0.742525252525253,31.461414141414135
1995,364,12,30,3.177272727272727,0.7395959595959603,31.209090909090907
1996,3,1,3,3.262424242424241,0.7307070707070714,30.96030303030304
1996,7,1,7,3.3844444444444406,0.7065656565656571,29.830404040404055
1996,8,1,8,3.420606060606056,0.6964646464646468,29.494747474747495
1996,9,1,9,3.4494949494949454,0.6920202020202022,29.23161616161617
1996,10,1,10,3.4762626262626224,0.6782828282828288,28.638686868686875
1996,11,1,11,3.604848484848481,0.6488888888888898,27.461717171717176
1996,12,1,12,3.8213131313131274,0.6415151515151519,27.09101010101011
1996,13,1,13,4.0117171717171685,0.6369696969696973,26.90878787878789
1996,14,1,14,4.187171717171714,0.6308080808080816,26.694242424242443
1996,16,1,16,4.185050505050501,0.6648484848484852,28.166464646464647
1996,17,1,17,3.5932323232323187,0.6295959595959595,26.674141414141392
1996,20,1,20,3.920505050505047,0.6402020202020205,27.08666666666667
1996,22,1,22,3.569999999999995,0.6552525252525254,27.76505050505051
1996,23,1,23,3.965959595959591,0.635353535353536,26.832424242424228
1996,24,1,24,4.156161616161609,0.6238383838383839,26.35020202020201
1996,25,1,25,4.241818181818174,0.6146464646464648,26.004646464646456
1996,26,1,26,4.260909090909085,0.6258585858585866,26.509494949494954
1996,27,1,27,4.371313131313129,0.6586868686868689,27.91949494949495
1996,35,2,4,2.4057575757575775,0.7409090909090909,31.406262626262617
1996,41,2,10,2.1911111111111143,0.8050505050505039,34.09525252525252
1996,42,2,11,2.198080808080811,0.8053535353535342,34.10050505050508
1996,43,2,12,2.2047474747474776,0.8149494949494949,34.56939393939393
1996,44,2,13,2.205555555555558,0.8067676767676758,34.213939393939384
1996,45,2,14,2.2041414141414166,0.8059595959595949,33.951818181818176
1996,46,2,15,2.200101010101013,0.8134343434343441,34.331717171717195
1996,47,2,16,2.1909090909090936,0.7979797979797985,33.82151515151515
1996,48,2,17,2.1818181818181843,0.796464646464647,33.7046464646465
1996,50,2,19,2.145858585858589,0.8434343434343438,35.63555555555556
1996,51,2,20,1.5544444444444472,0.8666666666666655,36.73494949494949
1996,52,2,21,1.2056565656565685,0.8659595959595958,36.66282828282828
1996,54,2,23,1.2279797979798004,0.8114141414141414,34.32525252525253
1996,57,2,26,0.8769696969696992,0.8283838383838383,35.05585858585857
1996,59,2,28,0.671717171717173,0.9115151515151505,38.615858585858604
1996,60,2,29,0.34,0.8834343434343428,37.340404040404046
1996,61,3,1,0.34,0.9159595959595972,38.736262626262665
1996,62,3,2,0.34,0.921616161616163,38.925757575757565
1996,70,3,10,0.34,0.9118181818181798,38.67646464646467
1996,73,3,13,0.34,0.8470707070707066,35.7822222222222
1996,75,3,15,0.324141414141414,0.8378787878787868,35.56434343434344
1996,232,8,19,8.583737373737373,0.3466666666666662,14.57686868686867
1996,287,10,13,8.085555555555556,0.4151515151515152,17.494949494949477
1996,294,10,20,7.934242424242423,0.4279797979797982,18.024949494949478
1996,304,10,30,7.134848484848485,0.4391919191919191,18.543434343434324
1996,313,11,8,3.54272727272727,0.68080808080808,28.74909090909092
1996,319,11,14,3.7180808080808037,0.673636363636364,28.51767676767677
1996,328,11,23,4.134444444444443,0.6853535353535357,28.995050505050536
1996,329,11,24,3.4255555555555537,0.7171717171717179,30.36313131313134
1996,334,11,29,2.5424242424242456,0.7756565656565647,32.887474747474776
1996,342,12,7,2.4462626262626284,0.799898989898989,33.729494949494956
1996,353,12,18,0.34,0.9510101010101026,40.31282828282835
1996,357,12,22,0.34,0.9435353535353519,39.88505050505047
1996,358,12,23,0.34,0.9608080808080792,40.70323232323228
1996,362,12,27,0.34,0.9267676767676772,39.27606060606058
1996,363,12,28,0.34,0.9706060606060598,41.105454545454585
1996,364,12,29,0.34,0.9597979797979782,40.49878787878785
1998,3,1,3,0.34,0.9603030303030288,40.7537373737373
1998,7,1,7,0.34,0.9496969696969714,40.24404040404047
1998,8,1,8,0.34,0.9514141414141422,40.20828282828284
1998,9,1,9,0.34,0.9347474747474752,39.639595959595944
1998,10,1,10,0.34,0.9348484848484855,39.53090909090911
1998,11,1,11,0.34,0.9608080808080792,40.49919191919187
1998,12,1,12,0.34,0.9706060606060598,41.11454545454542
1998,13,1,13,0.34,0.9599999999999985,40.460606060606004
1998,14,1,14,0.34,0.9510101010101026,40.33202020202025
1998,16,1,16,0.34,0.9410101010101007,39.70939393939395
1998,17,1,17,0.34,0.9192929292929286,38.95101010101007
1998,20,1,20,0.34,0.9510101010101026,40.360101010100976
1998,22,1,22,0.34,0.952121212121213,40.42969696969703
1998,23,1,23,0.34,0.9510101010101026,40.35161616161621
1998,24,1,24,0.34,0.9510101010101026,40.17474747474743
1998,25,1,25,0.34,0.9423232323232316,40.01717171717174
1998,26,1,26,0.34,0.9510101010101026,40.33080808080813
1998,27,1,27,0.34,0.9510101010101026,40.33131313131319
1998,35,2,4,0.34,0.9081818181818188,38.40141414141414
1998,41,2,10,0.34,0.9510101010101026,40.27323232323227
1998,42,2,11,0.34,0.9510101010101026,40.126262626262665
1998,43,2,12,0.34,0.9608080808080792,40.61616161616166
1998,44,2,13,0.34,0.9518181818181825,40.41303030303035
1998,45,2,14,0.34,0.9699999999999992,41.13040404040398
1998,46,2,15,0.34,0.9401010101010089,39.85313131313134
1998,47,2,16,0.34,0.9245454545454559,39.10474747474748
1998,48,2,17,0.34,0.9257575757575771,39.27757575757577
1998,50,2,19,0.34,0.9610101010100999,40.78494949494951
1998,51,2,20,0.34,0.9399999999999987,39.61272727272721
1998,52,2,21,0.34,0.945151515151514,40.098686868686855
1998,54,2,23,0.34,0.9429292929292918,39.822424242424255
1998,57,2,26,0.34,0.9320202020202035,39.55848484848479
1998,59,2,28,0.34,0.9302020202020223,39.22484848484852
1998,60,3,1,0.34,0.9314141414141434,39.27434343434339
1998,61,3,2,0.34,0.9314141414141434,39.449191919191975
1998,62,3,3,0.34,0.9314141414141434,39.38191919191917
1998,70,3,11,0.34,0.9104040404040383,38.41808080808086
1998,73,3,14,0.34,0.8682828282828282,36.71454545454546
1998,75,3,16,0.34424242424242435,0.9210101010101026,39.01373737373735
1998,232,8,20,7.774444444444444,0.3876767676767676,16.320808080808064
1998,287,10,14,7.447979797979797,0.4241414141414142,17.852222222222206
1998,294,10,21,7.348282828282833,0.4336363636363639,18.244040404040387
1998,304,10,31,7.093131313131306,0.4453535353535354,18.81313131313129
1998,313,11,9,6.374141414141415,0.478888888888889,20.174646464646468
1998,319,11,15,6.591414141414139,0.4882828282828285,20.55656565656564
1998,328,11,24,6.54585858585859,0.49393939393939407,20.85727272727272
1998,329,11,25,6.516060606060608,0.4977777777777781,20.95131313131312
1998,334,11,30,6.134545454545455,0.5284848484848487,22.288282828282824
1998,342,12,8,5.687878787878789,0.5347474747474754,22.598080808080795
1998,353,12,19,6.231111111111117,0.524646464646465,22.100202020202016
1998,357,12,23,6.234242424242426,0.5219191919191927,22.05292929292927
1998,358,12,24,6.224040404040404,0.5217171717171725,22.039494949494937
1998,362,12,28,6.234343434343437,0.5224242424242432,22.039494949494937
1998,363,12,29,6.2356565656565675,0.5225252525252534,22.056161616161603
1998,364,12,30,6.23929292929293,0.5228282828282836,22.0922222222222
2001,3,1,3,6.318585858585858,0.5171717171717175,21.78040404040403
2001,7,1,7,6.343636363636368,0.5249494949494958,22.154646464646458
2001,8,1,8,6.345757575757579,0.537979797979798,22.767575757575752
2001,9,1,9,6.039797979797981,0.5303030303030312,22.351616161616157
2001,10,1,10,6.154141414141416,0.5608080808080806,23.802020202020216
2001,11,1,11,5.4336363636363645,0.6102020202020209,25.805959595959603
2001,12,1,12,4.528787878787879,0.6768686868686861,28.680303030303005
2001,13,1,13,3.2851515151515143,0.7478787878787878,31.651919191919202
2001,14,1,14,2.0638383838383856,0.768888888888889,32.47626262626263
2001,16,1,16,2.5336363636363655,0.7628282828282832,32.32393939393938
2001,17,1,17,2.8159595959595967,0.7490909090909099,31.65242424242424
2001,20,1,20,3.0973737373737373,0.7418181818181825,31.42565656565658
2001,22,1,22,3.1602020202020187,0.7427272727272726,31.324747474747504
2001,23,1,23,3.1987878787878783,0.7359595959595963,31.182020202020226
2001,24,1,24,3.2388888888888876,0.7381818181818177,31.164040404040396
2001,25,1,25,3.048484848484849,0.7326262626262635,31.01040404040406
2001,26,1,26,3.2455555555555544,0.7804040404040403,33.11212121212119
2001,27,1,27,2.5618181818181838,0.7670707070707076,32.45676767676767
2001,35,2,4,3.109292929292929,0.7275757575757579,30.79646464646465
2001,41,2,10,3.2562626262626253,0.7263636363636362,30.74808080808081
2001,42,2,11,2.963333333333334,0.755151515151515,32.03767676767677
2001,43,2,12,2.5197979797979815,0.7695959595959588,32.59090909090909
2001,44,2,13,2.1728282828282848,0.795555555555555,33.73363636363637
2001,45,2,14,1.712727272727275,0.8127272727272731,34.34828282828283
2001,46,2,15,1.4437373737373758,0.8862626262626272,37.47282828282831
2001,47,2,16,0.39262626262626327,0.9164646464646472,38.68636363636366
2001,48,2,17,0.3480808080808082,0.9648484848484843,40.80121212121214
2001,50,2,19,0.34,0.9288888888888899,39.36989898989897
2001,51,2,20,0.34,0.9449494949494966,39.89292929292926
2001,52,2,21,0.34,0.9103030303030291,38.59575757575756
2001,54,2,23,0.34,0.9411111111111106,39.77737373737371
2001,57,2,26,0.34,0.9427272727272713,39.89060606060609
2001,59,2,28,0.34,0.933535353535355,39.58070707070707
2001,60,3,1,0.34,0.8885858585858593,37.511616161616175
2001,61,3,2,0.34,0.9510101010101026,40.08696969696975
2001,62,3,3,0.34,0.9510101010101026,40.36111111111108
2001,70,3,11,0.34,0.9314141414141434,39.53808080808076
2001,73,3,14,0.34,0.921616161616163,38.921616161616186
2001,75,3,16,0.34,0.921616161616163,38.98939393939391
2001,232,8,20,8.345656565656563,0.3642424242424239,15.337171717171703
2001,287,10,14,7.897777777777785,0.42090909090909073,17.76989898989898
2001,294,10,21,7.783838383838386,0.44070707070707066,18.57747474747473
2001,304,10,31,6.963434343434347,0.4616161616161616,19.489595959595952
2001,313,11,9,6.860101010101011,0.47919191919191917,20.220808080808066
2001,319,11,15,5.875757575757575,0.5127272727272733,21.622020202020195
2001,328,11,24,6.426767676767676,0.5477777777777777,23.194949494949512
2001,329,11,25,5.644242424242424,0.524949494949495,22.296666666666667
2001,334,11,30,5.664242424242423,0.5392929292929298,22.82212121212122
2001,342,12,8,5.310707070707068,0.5876767676767681,24.78060606060605
2001,353,12,19,5.082727272727271,0.5888888888888895,24.884747474747495
2001,357,12,23,4.83070707070707,0.6259595959595964,26.44828282828284
2001,358,12,24,4.60292929292929,0.6335353535353541,26.790101010100997
2001,362,12,28,4.434343434343429,0.6689898989898986,28.31323232323232
2001,363,12,29,4.427474747474743,0.6864646464646457,29.104444444444454
2001,364,12,30,3.9324242424242395,0.6788888888888892,28.74202020202019
2003,3,1,3,0.34,0.9412121212121198,39.908787878787834
2003,7,1,7,0.34,0.8970707070707081,37.86424242424243
2003,8,1,8,0.34,0.9004040404040413,38.03
2003,9,1,9,0.34,0.8967676767676763,37.9339393939394
2003,10,1,10,0.34,0.9564646464646451,40.576666666666675
2003,11,1,11,0.34,0.9474747474747491,40.14121212121207
2003,12,1,12,0.34,0.9469696969696986,40.07484848484847
2003,13,1,13,0.34,0.9458585858585873,39.969999999999956
2003,14,1,14,0.34,0.9451515151515164,39.93888888888885
2003,16,1,16,0.34,0.9227272727272745,38.92232323232327
2003,17,1,17,0.33747474747474754,0.9306060606060595,39.329797979797945
2003,20,1,20,0.38262626262626315,0.9377777777777794,39.657373737373774
2003,22,1,22,0.40292929292929364,0.936464646464648,39.63303030303032
2003,23,1,23,0.41222222222222304,0.9250505050505041,39.09737373737378
2003,24,1,24,0.42858585858585946,0.9066666666666684,38.47414141414141
2003,25,1,25,0.4540404040404049,0.9007070707070719,38.10262626262626
2003,26,1,26,0.4891919191919201,0.8985858585858602,38.146262626262605
2003,27,1,27,0.5256565656565668,0.9117171717171708,38.470808080808034
2003,35,2,4,0.7994949494949518,0.8923232323232314,37.83717171717172
2003,41,2,10,0.9454545454545479,0.86878787878788,36.816666666666706
2003,42,2,11,1.0000000000000022,0.880404040404041,37.34191919191922
2003,43,2,12,0.880808080808083,0.9298989898989901,39.25959595959594
2003,44,2,13,0.621313131313133,0.918585858585858,38.98707070707075
2003,45,2,14,0.5752525252525268,0.916666666666666,38.88555555555558
2003,46,2,15,0.41050505050505104,0.9406060606060621,39.72696969696972
2003,47,2,16,0.34,0.960303030303029,40.74707070707077
2003,48,2,17,0.34,0.9510101010101026,40.2344444444444
2003,50,2,19,0.34,0.94121212121212,39.83232323232323
2003,51,2,20,0.34,0.9314141414141434,39.27373737373733
2003,52,2,21,0.34,0.9314141414141434,39.363838383838385
2003,54,2,23,0.34,0.9510101010101026,40.1065656565657
2003,57,2,26,0.34,0.932121212121213,39.4329292929293
2003,59,2,28,0.34,0.9314141414141434,39.45070707070712
2003,60,3,1,0.34,0.9314141414141434,39.47020202020205
2003,61,3,2,0.34,0.921616161616163,39.058585858585886
2003,62,3,3,0.34,0.9314141414141434,39.34252525252525
2003,70,3,11,0.34,0.9075757575757557,38.51383838383834
2003,73,3,14,0.3483838383838386,0.8981818181818163,38.05585858585862
2003,75,3,16,0.36474747474747504,0.865353535353535,36.618585858585874
2003,232,8,20,8.259191919191919,0.36141414141414113,15.226767676767661
2003,287,10,14,7.811515151515157,0.4184848484848483,17.603434343434326
2003,294,10,21,7.764343434343439,0.4238383838383836,17.81595959595958
2003,304,10,31,7.813131313131313,0.47262626262626256,19.997676767676754
2003,313,11,9,6.361919191919192,0.5035353535353538,21.261414141414114
2003,319,11,15,6.297878787878789,0.5017171717171723,21.14888888888887
2003,328,11,24,6.3279797979798005,0.50949494949495,21.48494949494949
2003,329,11,25,6.3270707070707095,0.5133333333333341,21.608383838383833
2003,334,11,30,6.320505050505054,0.5132323232323238,21.66050505050504
2003,342,12,8,5.506767676767676,0.5383838383838386,22.745151515151523
2003,353,12,19,5.973030303030305,0.5395959595959604,22.802929292929296
2003,357,12,23,6.0692929292929305,0.5809090909090907,24.527474747474745
2003,358,12,24,5.260505050505047,0.617171717171717,26.119292929292918
2003,362,12,28,4.529292929292926,0.657676767676768,27.86353535353535
2003,363,12,29,3.8499999999999974,0.7155555555555557,30.329595959595967
2003,364,12,30,3.2039393939393928,0.7416161616161616,31.3959595959596
2004,3,1,3,2.697070707070709,0.7627272727272728,32.263838383838404
2004,7,1,7,3.1616161616161618,0.7494949494949493,31.697878787878803
2004,8,1,8,3.1658585858585853,0.7476767676767675,31.559393939393964
2004,9,1,9,3.17030303030303,0.7396969696969703,31.349292929292936
2004,10,1,10,3.1737373737373726,0.7373737373737382,31.117272727272727
2004,11,1,11,3.188787878787879,0.7355555555555565,31.1117171717172
2004,12,1,12,3.2140404040404023,0.7399999999999999,31.2338383838384
2004,13,1,13,3.2464646464646445,0.7360606060606063,31.06383838383841
2004,14,1,14,3.281010101010099,0.7213131313131312,30.44898989898992
2004,16,1,16,3.3521212121212094,0.7040404040404044,29.78353535353535
2004,17,1,17,3.385555555555552,0.6948484848484852,29.42444444444446
2004,20,1,20,3.6053535353535313,0.6761616161616165,28.549898989898985
2004,22,1,22,3.8848484848484817,0.646666666666667,27.309595959595974
2004,23,1,23,4.065353535353533,0.6352525252525255,26.826060606060608
2004,24,1,24,4.2541414141414124,0.6422222222222225,27.116161616161634
2004,25,1,25,4.360808080808079,0.6285858585858594,26.58686868686868
2004,26,1,26,4.498484848484846,0.6261616161616169,26.44868686868687
2004,27,1,27,4.613636363636361,0.6169696969696978,26.090505050505055
2004,35,2,4,3.51343434343434,0.656767676767677,27.78636363636364
2004,41,2,10,5.048686868686866,0.5831313131313135,24.610000000000007
2004,42,2,11,5.127474747474744,0.5788888888888892,24.41555555555556
2004,43,2,12,5.1910101010100975,0.5748484848484853,24.238989898989903
2004,44,2,13,5.247979797979795,0.572626262626263,24.19737373737374
2004,45,2,14,5.299393939393936,0.5789898989898997,24.4
2004,46,2,15,5.325050505050501,0.5741414141414148,24.210202020202026
2004,47,2,16,5.3468686868686826,0.5831313131313137,24.578888888888898
2004,48,2,17,5.347272727272725,0.5701010101010106,24.08262626262626
2004,50,2,19,4.383939393939391,0.5941414141414144,25.164141414141433
2004,51,2,20,4.864545454545453,0.6104040404040407,25.840202020202003
2004,52,2,21,4.513636363636358,0.6351515151515149,26.89383838383838
2004,54,2,23,3.6804040404040363,0.67979797979798,28.732929292929292
2004,57,2,26,2.2075757575757597,0.7521212121212116,31.85878787878787
2004,59,2,28,0.8027272727272752,0.8928282828282839,37.87787878787878
2004,60,2,29,0.4068686868686876,0.9201010101010113,39.00333333333335
2004,61,3,1,0.34,0.9243434343434341,39.19282828282828
2004,62,3,2,0.34,0.9132323232323244,38.610909090909104
2004,70,3,10,0.34,0.9116161616161597,38.66525252525255
2004,73,3,13,0.34,0.9126262626262612,38.75313131313128
2004,75,3,15,0.34,0.9086868686868668,38.4911111111111
2004,232,8,19,8.564242424242426,0.3572727272727268,15.0491919191919
2004,287,10,13,7.903030303030304,0.41333333333333333,17.371919191919176
2004,294,10,20,5.77070707070707,0.4860606060606061,20.611919191919192
2004,304,10,30,1.636969696969699,0.8598989898989907,36.49666666666665
2004,313,11,8,0.34,0.8826262626262628,37.35474747474748
2004,319,11,14,0.34,0.9364646464646452,39.510303030303085
2004,328,11,23,0.3584848484848488,0.9460606060606048,40.0192929292929
2004,329,11,24,0.37030303030303063,0.9378787878787886,39.78737373737375
2004,334,11,29,0.423131313131314,0.9292929292929306,39.37383838383834
2004,342,12,7,0.51878787878788,0.9447474747474744,39.97818181818182
2004,353,12,18,0.7777777777777801,0.8871717171717161,37.626060606060605
2004,357,12,22,0.9571717171717193,0.8943434343434334,37.871010101010086
2004,358,12,23,0.9895959595959619,0.8841414141414149,37.494747474747456
2004,362,12,27,1.1284848484848509,0.8819191919191921,37.369999999999976
2004,363,12,28,1.0450505050505072,0.8887878787878789,37.585151515151516
2004,364,12,29,0.90777777777778,0.8868686868686861,37.50595959595958
2005,3,1,3,0.348888888888889,0.9480808080808073,40.1089898989899
2005,7,1,7,0.34,0.9613131313131302,40.81959595959592
2005,8,1,8,0.34,0.9614141414141404,40.71575757575757
2005,9,1,9,0.34,0.9616161616161605,40.83969696969693
2005,10,1,10,0.34,0.9615151515151503,40.54686868686867
2005,11,1,11,0.34,0.9519191919191924,40.36585858585862
2005,12,1,12,0.34,0.952121212121213,40.428484848484906
2005,13,1,13,0.34,0.9608080808080792,40.606363636363604
2005,14,1,14,0.34,0.9608080808080792,40.47949494949491
2005,16,1,16,0.34,0.9510101010101026,40.16535353535355
2005,17,1,17,0.34,0.94121212121212,39.67565656565658
2005,20,1,20,0.34,0.9510101010101026,40.12636363636368
2005,22,1,22,0.34,0.9608080808080792,40.54303030303028
2005,23,1,23,0.34,0.9510101010101026,40.35101010101014
2005,24,1,24,0.34,0.9513131313131327,40.381616161616144
2005,25,1,25,0.34,0.9606060606060592,40.47474747474743
2005,26,1,26,0.34,0.9464646464646452,40.08525252525253
2005,27,1,27,0.34,0.9271717171717185,39.3019191919192
2005,35,2,4,0.34,0.94121212121212,39.649292929292926
2005,41,2,10,0.34,0.9401010101010089,39.85303030303033
2005,42,2,11,0.34,0.9345454545454552,39.62585858585857
2005,43,2,12,0.34,0.9237373737373735,39.03131313131311
2005,44,2,13,0.34,0.9608080808080792,40.733333333333384
2005,45,2,14,0.34,0.9624242424242414,40.86979797979795
2005,46,2,15,0.34,0.9608080808080792,40.63484848484852
2005,47,2,16,0.34,0.9524242424242431,40.438787878787856
2005,48,2,17,0.34,0.932222222222223,39.54232323232323
2005,50,2,19,0.34,0.9251515151515163,39.09676767676769
2005,51,2,20,0.34,0.9085858585858592,38.3818181818182
2005,52,2,21,0.34,0.8981818181818187,37.97929292929293
2005,54,2,23,0.34,0.8663636363636366,36.61232323232322
2005,57,2,26,0.34,0.780707070707071,32.987373737373744
2005,59,2,28,0.34,0.8532323232323222,36.09363636363637
2005,60,3,1,0.34,0.925454545454546,39.12717171717172
2005,61,3,2,0.34,0.89959595959596,38.046969696969704
2005,62,3,3,0.34,0.8661616161616159,36.718585858585854
2005,70,3,11,0.34,0.9118181818181798,38.52919191919197
2005,73,3,14,0.34,0.921616161616163,38.90757575757573
2005,75,3,16,0.34,0.9087878787878768,38.548686868686836
2005,232,8,20,8.344747474747475,0.3675757575757572,15.486969696969677
2005,287,10,14,7.613030303030303,0.41959595959595947,17.64010101010099
2005,294,10,21,7.053636363636365,0.4392929292929292,18.542222222222215
2005,304,10,31,7.115959595959598,0.44646464646464673,18.855151515151498
2005,313,11,9,6.8976767676767725,0.48242424242424253,20.395050505050488
2005,319,11,15,6.43070707070707,0.4887878787878789,20.62323232323231
2005,328,11,24,6.703535353535361,0.48939393939393977,20.66939393939392
2005,329,11,25,6.693333333333338,0.4912121212121216,20.755757575757563
2005,334,11,30,6.565757575757579,0.5003030303030309,21.13858585858584
2005,342,12,8,6.370707070707069,0.5163636363636366,21.74474747474747
2005,353,12,19,6.191717171717173,0.5287878787878796,22.272121212121217
2005,357,12,23,6.2130303030303065,0.5246464646464654,22.14818181818181
2005,358,12,24,6.224343434343437,0.5248484848484856,22.17535353535352
2005,362,12,28,6.143434343434346,0.5292929292929303,22.30696969696968
2005,363,12,29,6.163939393939395,0.5253535353535361,22.20070707070706
2005,364,12,30,6.171010101010101,0.5277777777777788,22.2249494949495
2008,3,1,3,2.2093939393939426,0.8294949494949485,34.99808080808084
2008,7,1,7,1.3671717171717197,0.8754545454545445,37.08828282828283
2008,8,1,8,1.1465656565656595,0.9276767676767673,39.30020202020206
2008,9,1,9,0.3865656565656571,0.9441414141414128,40.0747474747475
2008,10,1,10,0.3388888888888889,0.9596969696969682,40.666868686868725
2008,11,1,11,0.34,0.9510101010101026,40.370808080808125
2008,12,1,12,0.34,0.9510101010101026,40.32222222222222
2008,13,1,13,0.34,0.94121212121212,39.72515151515148
2008,14,1,14,0.34,0.94121212121212,39.80333333333327
2008,16,1,16,0.34,0.9510101010101026,40.12636363636368
2008,17,1,17,0.34,0.9510101010101026,40.213232323232276
2008,20,1,20,0.34,0.9606060606060592,40.549696969697024
2008,22,1,22,0.34,0.9664646464646456,40.868282828282815
2008,23,1,23,0.34,0.9699999999999992,41.024343434343514
2008,24,1,24,0.34,0.9519191919191924,40.40030303030303
2008,25,1,25,0.34,0.9699999999999992,40.881212121212066
2008,26,1,26,0.34,0.9419191919191914,39.98535353535354
2008,27,1,27,0.34,0.9619191919191908,40.620909090909095
2008,35,2,4,0.34,0.94121212121212,39.950202020202006
2008,41,2,10,0.34,0.94121212121212,39.77393939393942
2008,42,2,11,0.34,0.94121212121212,39.7589898989899
2008,43,2,12,0.34,0.9314141414141434,39.36080808080807
2008,44,2,13,0.34,0.9328282828282838,39.61484848484854
2008,45,2,14,0.34,0.9413131313131301,39.95818181818185
2008,46,2,15,0.34,0.9314141414141434,39.44343434343438
2008,47,2,16,0.34,0.9405050505050492,39.72939393939399
2008,48,2,17,0.34,0.9416161616161609,39.96777777777775
2008,50,2,19,0.34,0.9508080808080813,40.26707070707067
2008,51,2,20,0.34,0.9363636363636356,39.592020202020194
2008,52,2,21,0.34,0.9420202020202008,39.86040404040405
2008,54,2,23,0.34,0.9254545454545468,39.21030303030305
2008,57,2,26,0.34,0.921616161616163,39.087777777777845
2008,59,2,28,0.34,0.9314141414141434,39.33292929292936
2008,60,2,29,0.34,0.9308080808080827,39.22484848484852
2008,61,3,1,0.34,0.9314141414141434,39.39030303030307
2008,62,3,2,0.34,0.921616161616163,38.81868686868685
2008,70,3,10,0.34,0.9096969696969677,38.56282828282832
2008,73,3,13,0.33919191919191927,0.90191919191919,38.08020202020205
2008,75,3,15,0.39525252525252585,0.8627272727272728,36.41888888888889
2008,232,8,19,8.55161616161616,0.35606060606060563,14.957373737373716
2008,287,10,13,7.996565656565653,0.39171717171717163,16.52636363636362
2008,294,10,20,7.937676767676773,0.40797979797979805,17.219797979797963
2008,304,10,30,7.7385858585858625,0.4217171717171719,17.751111111111097
2008,313,11,8,7.226868686868689,0.43909090909090903,18.464848484848474
2008,319,11,14,7.2043434343434365,0.43919191919191897,18.511717171717148
2008,328,11,23,7.163232323232328,0.45484848484848495,19.18939393939393
2008,329,11,24,7.136464646464651,0.4570707070707071,19.29808080808079
2008,334,11,29,6.218282828282833,0.49080808080808114,20.67646464646463
2008,342,12,7,6.444343434343436,0.5113131313131316,21.52909090909091
2008,353,12,18,4.740202020202018,0.5944444444444442,25.16595959595959
2008,357,12,22,3.202424242424241,0.726868686868687,30.798787878787877
2008,358,12,23,2.862727272727274,0.7593939393939392,32.09313131313134
2008,362,12,27,2.918686868686869,0.7540404040404041,32.01181818181818
2008,363,12,28,3.0739393939393937,0.7520202020202019,31.760909090909117
2008,364,12,29,3.1435353535353534,0.7512121212121211,31.728181818181824
2009,3,1,3,3.1695959595959593,0.7504040404040399,31.612727272727266
2009,7,1,7,3.274646464646463,0.7205050505050505,30.49151515151516
2009,8,1,8,3.309696969696968,0.715959595959596,30.229898989899006
2009,9,1,9,3.3429292929292913,0.6960606060606059,29.41606060606061
2009,10,1,10,3.403131313131308,0.6832323232323232,28.805656565656577
2009,11,1,11,3.5444444444444394,0.6650505050505053,28.07070707070707
2009,12,1,12,3.753636363636359,0.6474747474747485,27.408686868686868
2009,13,1,13,3.970303030303026,0.634242424242425,26.821919191919203
2009,14,1,14,4.18323232323232,0.6214141414141423,26.265050505050525
2009,16,1,16,4.6010101010100986,0.6152525252525256,25.97161616161618
2009,17,1,17,4.7063636363636325,0.6139393939393943,25.977070707070716
2009,20,1,20,4.844848484848482,0.6102020202020209,25.800707070707098
2009,22,1,22,4.90272727272727,0.6569696969696962,27.82121212121213
2009,23,1,23,4.20494949494949,0.6776767676767678,28.686262626262632
2009,24,1,24,3.650606060606057,0.7113131313131312,30.07474747474748
2009,25,1,25,3.006363636363634,0.6828282828282835,28.86808080808081
2009,26,1,26,3.4894949494949463,0.6575757575757579,27.804444444444435
2009,27,1,27,3.9823232323232283,0.6310101010101009,26.749292929292942
2009,35,2,4,5.016969696969694,0.5863636363636366,24.809090909090905
2009,41,2,10,1.3725252525252538,0.8500000000000011,35.87727272727275
2009,42,2,11,0.9385858585858613,0.8966666666666672,37.963636363636375
2009,43,2,12,0.734141414141417,0.9084848484848478,38.539595959595935
2009,44,2,13,0.6989898989899019,0.9189898989898989,38.8118181818182
2009,45,2,14,0.6498989898989928,0.9311111111111127,39.46777777777784
2009,46,2,15,0.5251515151515171,0.929191919191918,39.38040404040401
2009,47,2,16,0.43656565656565766,0.9489898989898974,40.05474747474745
2009,48,2,17,0.4052525252525259,0.9508080808080793,40.23747474747477
2009,50,2,19,0.3857575757575763,0.9276767676767694,39.30050505050503
2009,51,2,20,0.3406060606060607,0.9316161616161626,39.55909090909096
2009,52,2,21,0.34,0.9410101010100999,39.91262626262628
2009,54,2,23,0.34,0.9624242424242414,40.87060606060603
2009,57,2,26,0.34,0.9314141414141434,39.52888888888892
2009,59,2,28,0.34,0.9223232323232339,39.15494949494946
2009,60,3,1,0.34,0.9227272727272744,39.16393939393942
2009,61,3,2,0.34,0.8976767676767682,38.01808080808081
2009,62,3,3,0.34,0.9307070707070726,39.256060606060636
2009,70,3,11,0.3650505050505054,0.9196969696969716,38.99474747474745
2009,73,3,14,0.44595959595959683,0.9040404040404052,38.29505050505054
2009,75,3,16,0.5182828282828295,0.8990909090909102,37.97404040404038
2009,232,8,20,8.50151515151515,0.35747474747474706,15.061616161616142
2009,287,10,14,7.190707070707072,0.465050505050505,19.661919191919193
2009,294,10,21,3.710606060606057,0.6750505050505046,28.601111111111116
2009,304,10,31,4.549191919191915,0.566666666666667,23.967878787878796
2009,313,11,9,6.278080808080809,0.5047474747474751,21.333737373737367
2009,319,11,15,6.454242424242422,0.4938383838383839,20.780707070707052
2009,328,11,24,6.3698989898989895,0.5036363636363637,21.283232323232312
2009,329,11,25,6.379999999999999,0.5033333333333334,21.242222222222214
2009,334,11,30,6.375353535353539,0.5080808080808082,21.39979797979797
2009,342,12,8,4.326161616161614,0.5993939393939401,25.406969696969696
2009,353,12,19,2.1863636363636396,0.8131313131313137,34.327979797979786
2009,357,12,23,2.0538383838383862,0.8262626262626271,34.962626262626294
2009,358,12,24,2.0243434343434368,0.8353535353535344,35.314343434343456
2009,362,12,28,2.005656565656568,0.8364646464646459,35.471515151515156
2009,363,12,29,2.0080808080808112,0.837373737373737,35.510202020202044
2009,364,12,30,2.0067676767676796,0.8637373737373732,36.50303030303029
2010,3,1,3,1.9689898989899017,0.8197979797979805,34.59212121212121
2010,7,1,7,2.0196969696969727,0.8092929292929292,34.292626262626236
2010,8,1,8,2.045959595959599,0.8067676767676766,34.18414141414142
2010,9,1,9,2.075151515151518,0.8036363636363635,34.05181818181818
2010,10,1,10,2.103939393939397,0.7978787878787883,33.69606060606062
2010,11,1,11,2.13757575757576,0.7925252525252526,33.474646464646476
2010,12,1,12,2.193333333333336,0.7860606060606069,33.28767676767677
2010,13,1,13,2.099797979797982,0.8126262626262629,34.48171717171717
2010,14,1,14,1.7657575757575774,0.8043434343434345,33.964444444444446
2010,16,1,16,2.0448484848484876,0.785454545454546,33.15161616161617
2010,17,1,17,2.124848484848487,0.815656565656565,34.5267676767677
2010,20,1,20,1.0741414141414165,0.8682828282828282,36.803636363636365
2010,22,1,22,0.6588888888888904,0.8984848484848487,37.90575757575756
2010,23,1,23,0.5142424242424251,0.9318181818181808,39.405050505050525
2010,24,1,24,0.34,0.9517171717171725,40.391414141414195
2010,25,1,25,0.34,0.9608080808080792,40.77252525252528
2010,26,1,26,0.34,0.9543434343434353,40.51010101010102
2010,27,1,27,0.34,0.9510101010101026,40.19444444444443
2010,35,2,4,0.34,0.9608080808080792,40.691111111111155
2010,41,2,10,0.34,0.94121212121212,39.901212121212154
2010,42,2,11,0.34,0.9510101010101026,40.23404040404036
2010,43,2,12,0.34,0.94121212121212,39.66666666666663
2010,44,2,13,0.34,0.9227272727272744,39.16606060606063
2010,45,2,14,0.34,0.9122222222222204,38.72545454545453
2010,46,2,15,0.34,0.921616161616163,38.90181818181822
2010,47,2,16,0.34,0.9137373737373725,38.80414141414137
2010,48,2,17,0.34,0.921616161616163,38.94919191919186
2010,50,2,19,0.34,0.9349494949494956,39.51222222222222
2010,51,2,20,0.34,0.9177777777777765,38.89646464646464
2010,52,2,21,0.34,0.9510101010101026,40.37000000000004
2010,54,2,23,0.34,0.9313131313131332,39.51777777777781
2010,57,2,26,0.34,0.8774747474747475,37.24363636363633
2010,59,2,28,0.34,0.9314141414141434,39.509090909090965
2010,60,3,1,0.34,0.9314141414141434,39.44858585858591
2010,61,3,2,0.34,0.94121212121212,39.78363636363631
2010,62,3,3,0.34,0.8968686868686878,37.97454545454544
2010,70,3,11,0.34,0.921616161616163,39.01828282828288
2010,73,3,14,0.34,0.9115151515151495,38.593030303030304
2010,75,3,16,0.34,0.8863636363636368,37.42040404040402
2010,232,8,20,8.38010101010101,0.36060606060606026,15.162121212121193
2010,287,10,14,7.804343434343432,0.39525252525252513,16.66808080808079
2010,294,10,21,7.14282828282828,0.4191919191919188,17.684141414141397
2010,304,10,31,6.727272727272729,0.43606060606060587,18.385757575757566
2010,313,11,9,7.009292929292926,0.44959595959595966,18.986161616161603
2010,319,11,15,6.997676767676769,0.4560606060606061,19.245555555555534
2010,328,11,24,5.612424242424242,0.528585858585859,22.34929292929293
2010,329,11,25,5.886767676767676,0.5250505050505058,22.145454545454534
2010,334,11,30,6.1640404040404055,0.5151515151515157,21.766565656565643
2010,342,12,8,6.115555555555558,0.5185858585858591,21.859090909090906
2010,353,12,19,4.354040404040403,0.6821212121212111,28.895050505050488
2010,357,12,23,1.7370707070707088,0.8876767676767676,37.48929292929293
2010,358,12,24,0.39858585858585927,0.9459595959595946,40.05717171717172
2010,362,12,28,0.34,0.9339393939393954,39.659595959595976
2010,363,12,29,0.34,0.9621212121212112,40.799696969696946
2010,364,12,30,0.34,0.9706060606060598,40.92020202020207
2014,3,1,3,6.878282828282833,0.47797979797979817,20.174545454545438
2014,7,1,7,6.904949494949501,0.47747474747474766,20.16494949494948
2014,8,1,8,6.918181818181823,0.47979797979798017,20.194949494949483
2014,9,1,9,6.9180808080808145,0.4809090909090913,20.26060606060604
2014,10,1,10,6.91454545454546,0.47454545454545444,20.004040404040385
2014,11,1,11,6.915555555555559,0.47696969696969715,20.08555555555554
2014,12,1,12,6.933333333333336,0.4736363636363636,19.996262626262613
2014,13,1,13,6.945252525252528,0.4694949494949494,19.82272727272726
2014,14,1,14,6.967171717171722,0.4677777777777777,19.75272727272726
2014,16,1,16,7.035656565656571,0.45828282828282824,19.344848484848473
2014,17,1,17,7.072323232323239,0.45404040404040413,19.132525252525234
2014,20,1,20,7.169292929292935,0.45161616161616125,19.063131313131297
2014,22,1,22,7.223131313131318,0.4520202020202018,19.080606060606044
2014,23,1,23,7.219797979797983,0.4540404040404039,19.103636363636348
2014,24,1,24,7.233030303030304,0.457979797979798,19.281313131313112
2014,25,1,25,7.232222222222225,0.4554545454545453,19.19888888888887
2014,26,1,26,7.200909090909092,0.4639393939393942,19.521313131313118
2014,27,1,27,7.207979797979802,0.4614141414141412,19.476666666666652
2014,35,2,4,6.990303030303032,0.47010101010101024,19.81222222222221
2014,41,2,10,6.862828282828285,0.4655555555555559,19.628383838383826
2014,42,2,11,6.896969696969697,0.46313131313131306,19.490101010100993
2014,43,2,12,6.933737373737377,0.4563636363636364,19.199999999999985
2014,44,2,13,6.961212121212122,0.4488888888888885,18.94858585858584
2014,45,2,14,7.004545454545455,0.4399999999999997,18.557171717171705
2014,46,2,15,7.077979797979798,0.43545454545454515,18.36909090909089
2014,47,2,16,7.192121212121212,0.43323232323232325,18.228888888888875
2014,48,2,17,7.288484848484848,0.43161616161616145,18.166060606060583
2014,50,2,19,7.403939393939399,0.43030303030303,18.11373737373736
2014,51,2,20,7.418383838383842,0.4210101010101007,17.729292929292914
2014,52,2,21,7.458989898989904,0.4212121212121211,17.71464646464645
2014,54,2,23,7.587070707070712,0.4185858585858587,17.62151515151514
2014,57,2,26,7.670404040404048,0.4678787878787877,19.846060606060604
2014,59,2,28,5.807272727272728,0.6010101010101013,25.39808080808082
2014,60,3,1,4.062020202020203,0.6273737373737379,26.582727272727265
2014,61,3,2,3.5360606060606043,0.7162626262626267,30.31919191919192
2014,62,3,3,2.3345454545454563,0.7079797979797982,29.881616161616158
2014,70,3,11,3.8967676767676713,0.6625252525252517,27.994343434343453
2014,73,3,14,3.981212121212115,0.6484848484848481,27.45919191919194
2014,75,3,16,4.006565656565652,0.5913131313131313,25.027676767676795
2014,232,8,20,8.543535353535356,0.35888888888888854,15.095050505050487
2014,287,10,14,8.31838383838384,0.3984848484848486,16.742222222222203
2014,294,10,21,8.063535353535357,0.4155555555555554,17.539898989898976
2014,304,10,31,7.901414141414145,0.46202020202020216,19.5711111111111
2014,313,11,9,7.293434343434341,0.4445454545454546,18.708282828282808
2014,319,11,15,6.987272727272732,0.47535353535353553,20.00030303030301
2014,328,11,24,6.953030303030309,0.47878787878787893,20.182525252525227
2014,329,11,25,6.959696969696974,0.4752525252525254,20.052121212121197
2014,334,11,30,7.001313131313137,0.506262626262626,21.46646464646465
2014,342,12,8,3.149494949494949,0.7311111111111109,30.976565656565693
2014,353,12,19,0.5272727272727289,0.9459595959595951,39.899898989899036
2014,357,12,23,0.34,0.94121212121212,39.92020202020204
2014,358,12,24,0.34,0.9431313131313126,40.047979797979735
2014,362,12,28,0.34,0.9704040404040395,40.93808080808083
2014,363,12,29,0.34,0.9800000000000004,41.42191919191922
2014,364,12,30,0.34,0.9796969696969701,41.29242424242424
2017,3,1,3,1.2045454545454575,0.9004040404040401,38.22010101010107
2017,7,1,7,0.9022222222222249,0.9199999999999993,38.80222222222228
2017,8,1,8,0.8018181818181848,0.8962626262626252,37.7908080808081
2017,9,1,9,0.748181818181821,0.9046464646464635,38.20535353535353
2017,10,1,10,0.6728282828282851,0.9026262626262634,38.290505050505054
2017,11,1,11,0.6186868686868707,0.9107070707070691,38.57020202020201
2017,12,1,12,0.539696969696971,0.9405050505050505,39.76545454545456
2017,13,1,13,0.43373737373737437,0.9575757575757565,40.472222222222236
2017,14,1,14,0.34,0.9608080808080792,40.625959595959564
2017,16,1,16,0.34,0.9608080808080792,40.61616161616166
2017,17,1,17,0.34,0.9608080808080792,40.49888888888884
2017,20,1,20,0.34,0.9800000000000004,41.32111111111109
2017,22,1,22,0.34,0.9800000000000004,41.421818181818146
2017,23,1,23,0.34,0.9711111111111106,41.222929292929315
2017,24,1,24,0.34,0.9601010101010085,40.663131313131345
2017,25,1,25,0.34,0.9608080808080792,40.733333333333384
2017,26,1,26,0.34,0.9608080808080792,40.56545454545454
2017,27,1,27,0.34,0.9526262626262633,40.455555555555534
2017,35,2,4,0.34,0.9513131313131327,40.38070707070705
2017,41,2,10,0.34,0.9450505050505038,39.89191919191919
2017,42,2,11,0.34,0.9182828282828273,38.949797979797985
2017,43,2,12,0.34,0.94121212121212,39.76414141414137
2017,44,2,13,0.34,0.9314141414141434,39.42070707070703
2017,45,2,14,0.34,0.94121212121212,39.93898989898995
2017,46,2,15,0.34,0.9222222222222237,39.146767676767716
2017,47,2,16,0.34,0.8978787878787883,38.08646464646466
2017,48,2,17,0.34,0.9378787878787893,39.58595959595959
2017,50,2,19,0.34,0.9281818181818187,39.29545454545455
2017,51,2,20,0.34,0.9404040404040418,39.85424242424241
2017,52,2,21,0.34,0.9113131313131319,38.64888888888888
2017,54,2,23,0.34,0.94121212121212,39.920505050505064
2017,57,2,26,0.34,0.9041414141414138,38.369494949494964
2017,59,2,28,0.34,0.94121212121212,39.72444444444441
2017,60,3,1,0.34,0.9215151515151528,38.831919191919205
2017,61,3,2,0.34,0.9117171717171696,38.44949494949496
2017,62,3,3,0.34,0.9020202020202028,38.1847474747475
2017,70,3,11,0.39262626262626327,0.8887878787878786,37.728282828282815
2017,73,3,14,0.5923232323232338,0.8626262626262631,36.40444444444444
2017,75,3,16,0.7298989898989923,0.8653535353535352,36.73585858585864
2017,232,8,20,8.242121212121207,0.36797979797979763,15.453737373737358
2017,287,10,14,7.635656565656566,0.42232323232323216,17.80525252525251
2017,294,10,21,7.63575757575758,0.4257575757575755,17.912525252525235
2017,304,10,31,7.6541414141414155,0.4453535353535356,18.728080808080797
2017,313,11,9,6.746161616161618,0.4868686868686873,20.52616161616161
2017,319,11,15,6.603737373737377,0.5013131313131318,21.176565656565653
2017,328,11,24,6.65878787878788,0.49121212121212166,20.693232323232316
2017,329,11,25,6.67010101010101,0.48797979797979824,20.614040404040388
2017,334,11,30,6.692727272727277,0.4998989898989905,21.049797979797965
2017,342,12,8,6.664646464646466,0.5058585858585865,21.30050505050503
2017,353,12,19,6.713030303030306,0.5108080808080816,21.55131313131313
2017,357,12,23,6.660505050505052,0.5152525252525261,21.77010101010101
2017,358,12,24,6.652121212121215,0.5155555555555564,21.710303030303027
2017,362,12,28,6.602222222222222,0.5149494949494956,21.69919191919191
2017,363,12,29,6.601010101010101,0.5116161616161621,21.61131313131312
2017,364,12,30,6.607474747474748,0.5145454545454553,21.689696969696968
2019,3,1,3,0.6330303030303062,0.9331313131313118,39.49131313131311
2019,7,1,7,0.5473737373737396,0.9516161616161611,40.37767676767673
2019,8,1,8,0.5025252525252543,0.9444444444444432,39.97313131313126
2019,9,1,9,0.5183838383838403,0.9460606060606047,40.03000000000001
2019,10,1,10,0.4952525252525269,0.9503030303030289,40.233737373737426
2019,11,1,11,0.42545454545454636,0.9336363636363624,39.5670707070707
2019,12,1,12,0.41808080808080894,0.9283838383838392,39.371313131313144
2019,13,1,13,0.40868686868686943,0.9281818181818189,39.26212121212122
2019,14,1,14,0.40373737373737445,0.9647474747474745,40.964444444444524
2019,16,1,16,0.35585858585858604,0.9747474747474751,41.219494949494894
2019,17,1,17,0.34535353535353547,0.9663636363636356,41.01474747474752
2019,20,1,20,0.34,0.94121212121212,39.77414141414145
2019,22,1,22,0.34,0.9510101010101026,40.3515151515152
2019,23,1,23,0.34,0.9510101010101026,40.08767676767682
2019,24,1,24,0.34,0.94121212121212,39.88070707070711
2019,25,1,25,0.34,0.9318181818181834,39.55767676767671
2019,26,1,26,0.34,0.94121212121212,39.78303030303025
2019,27,1,27,0.34,0.94121212121212,39.782222222222174
2019,35,2,4,0.34,0.9614141414141404,40.812828282828335
2019,41,2,10,0.34,0.9613131313131303,40.553838383838354
2019,42,2,11,0.34,0.9510101010101026,40.175252525252475
2019,43,2,12,0.34,0.9510101010101026,40.116565656565626
2019,44,2,13,0.34,0.9800000000000004,41.32313131313127
2019,45,2,14,0.34,0.9599999999999985,40.500707070707
2019,46,2,15,0.34,0.9518181818181825,40.41979797979795
2019,47,2,16,0.34,0.9510101010101026,40.31171717171724
2019,48,2,17,0.34,0.9608080808080792,40.674949494949544
2019,50,2,19,0.34,0.9510101010101026,40.27282828282823
2019,51,2,20,0.34,0.9336363636363652,39.41141414141413
2019,52,2,21,0.34,0.9179797979797961,38.727979797979785
2019,54,2,23,0.34,0.9418181818181809,39.97929292929297
2019,57,2,26,0.34,0.9509090909090925,40.057474747474764
2019,59,2,28,0.34,0.9317171717171727,39.334949494949484
2019,60,3,1,0.34,0.9413131313131301,39.783838383838386
2019,61,3,2,0.34,0.9288888888888897,39.37535353535354
2019,62,3,3,0.34,0.9184848484848466,38.82606060606063
2019,70,3,11,0.34,0.9428282828282822,40.03707070707073
2019,73,3,14,0.34,0.921616161616163,39.04676767676763
2019,75,3,16,0.34,0.9021212121212129,38.30292929292932
2019,232,8,20,8.285353535353535,0.3679797979797977,15.440808080808061
2019,287,10,14,7.600000000000003,0.43101010101010095,18.145757575757557
2019,294,10,21,7.5319191919191955,0.4314141414141412,18.136565656565637
2019,304,10,31,7.483131313131312,0.44030303030303053,18.520909090909075
2019,313,11,9,7.55919191919192,0.4344444444444443,18.321717171717154
2019,319,11,15,7.571414141414144,0.44989898989899013,18.937373737373722
2019,328,11,24,6.900202020202018,0.4694949494949495,19.759292929292922
2019,329,11,25,6.911818181818181,0.47323232323232345,19.928181818181812
2019,334,11,30,5.301111111111108,0.5560606060606059,23.521111111111093
2019,342,12,8,2.213737373737376,0.8055555555555551,34.04424242424243
2019,353,12,19,1.7689898989899018,0.8536363636363626,36.078181818181854
2019,357,12,23,1.6498989898989929,0.8557575757575759,36.22121212121212
2019,358,12,24,1.4393939393939423,0.8940404040404036,37.93222222222226
2019,362,12,28,0.33808080808080815,0.9682828282828274,40.865151515151545
2019,363,12,29,0.34,0.9706060606060598,41.17292929292926
2019,364,12,30,0.34,0.9706060606060598,41.028080808080745
2021,3,1,3,5.982525252525255,0.5457575757575761,23.0130303030303
2021,7,1,7,6.060202020202024,0.544040404040405,22.921111111111102
2021,8,1,8,5.982424242424244,0.5435353535353543,22.952121212121213
2021,9,1,9,5.969898989898994,0.5467676767676777,23.034444444444443
2021,10,1,10,5.970404040404046,0.543333333333334,22.962525252525246
2021,11,1,11,5.9750505050505085,0.5431313131313139,22.936666666666664
2021,12,1,12,5.980606060606063,0.5437373737373745,22.980606060606064
2021,13,1,13,5.9869696969697,0.53939393939394,22.799999999999997
2021,14,1,14,5.994646464646466,0.5364646464646469,22.589797979797968
2021,16,1,16,6.040202020202021,0.532626262626263,22.43040404040403
2021,17,1,17,6.064747474747477,0.5274747474747479,22.29999999999999
2021,20,1,20,6.12848484848485,0.538181818181819,22.700505050505036
2021,22,1,22,6.126565656565659,0.5398989898989904,22.777272727272706
2021,23,1,23,5.962020202020199,0.5939393939393934,25.05101010101011
2021,24,1,24,4.977777777777775,0.6143434343434345,25.99616161616162
2021,25,1,25,4.469999999999997,0.6106060606060606,25.839494949494945
2021,26,1,26,4.668787878787876,0.5907070707070706,25.03565656565655
2021,27,1,27,5.043131313131313,0.59010101010101,24.953939393939404
2021,35,2,4,3.124646464646465,0.7421212121212128,31.425252525252542
2021,41,2,10,3.2641414141414127,0.732626262626263,31.02838383838384
2021,42,2,11,3.2939393939393917,0.7290909090909098,30.748686868686885
2021,43,2,12,3.3293939393939374,0.7211111111111111,30.540909090909093
2021,44,2,13,3.3647474747474715,0.7179797979797984,30.310101010101025
2021,45,2,14,3.3950505050505,0.7094949494949498,29.973636363636366
2021,46,2,15,3.4217171717171677,0.7034343434343439,29.779898989899014
2021,47,2,16,3.439393939393936,0.6895959595959594,29.124646464646485
2021,48,2,17,3.4933333333333296,0.6801010101010102,28.712727272727278
2021,50,2,19,3.75272727272727,0.6602020202020203,27.936565656565662
2021,51,2,20,3.8949494949494916,0.6620202020202024,27.96434343434344
2021,52,2,21,4.000202020202016,0.6425252525252529,27.1157575757576
2021,54,2,23,4.38252525252525,0.6203030303030309,26.247777777777788
2021,57,2,26,4.617777777777774,0.6128282828282836,25.925757575757583
2021,59,2,28,4.698686868686865,0.6120202020202026,25.823535353535355
2021,60,3,1,4.734141414141411,0.5986868686868687,25.32737373737373
2021,61,3,2,4.790404040404036,0.6043434343434347,25.54343434343435
2021,62,3,3,4.810909090909086,0.6196969696969702,26.245050505050504
2021,70,3,11,3.9289898989898946,0.6445454545454552,27.33757575757575
2021,73,3,14,4.588585858585856,0.5900000000000004,24.911515151515136
2021,75,3,16,4.250505050505045,0.604848484848485,25.552525252525264
2021,232,8,20,8.278888888888885,0.36737373737373713,15.454343434343421
2021,287,10,14,7.555656565656567,0.42161616161616144,17.799393939393916
2021,294,10,21,7.537070707070703,0.42414141414141393,17.87070707070705
2021,304,10,31,7.426060606060604,0.4377777777777778,18.466363636363614
2021,313,11,9,6.992323232323238,0.47212121212121255,19.913535353535345
2021,319,11,15,6.990000000000005,0.46484848484848496,19.56222222222221
2021,328,11,24,6.761212121212125,0.4890909090909095,20.590606060606035
2021,329,11,25,6.738989898989902,0.49121212121212177,20.68545454545453
2021,334,11,30,6.712020202020201,0.49474747474747527,20.82595959595958
2021,342,12,8,6.516666666666667,0.49787878787878836,21.01131313131312
2021,353,12,19,2.7978787878787887,0.7577777777777779,32.107575757575745
2021,357,12,23,2.8407070707070714,0.8122222222222216,34.48242424242424
2021,358,12,24,2.183737373737376,0.8120202020202023,34.410101010101016
2021,362,12,28,0.39535353535353596,0.9039393939393933,38.31757575757576
2021,363,12,29,0.37191919191919237,0.9152525252525254,38.629696969697
2021,364,12,30,0.35282828282828305,0.9195959595959596,38.99080808080808
2023,3,1,3,2.3340404040404064,0.7916161616161616,33.56878787878787
2023,7,1,7,0.4321212121212131,0.9446464646464637,39.85474747474746
2023,8,1,8,0.3401010101010101,0.9437373737373732,40.02171717171716
2023,9,1,9,0.34,0.9618181818181809,40.755959595959595
2023,10,1,10,0.34,0.9584848484848474,40.67616161616158
2023,11,1,11,0.34,0.9798989898989903,41.34343434343432
2023,12,1,12,0.34,0.9608080808080792,40.64585858585855
2023,13,1,13,0.34,0.9706060606060598,41.086363636363686
2023,14,1,14,0.34,0.9800000000000004,41.30868686868692
2023,16,1,16,0.34,0.9599999999999985,40.71575757575758
2023,17,1,17,0.34,0.9611111111111097,40.80171717171724
2023,20,1,20,0.34,0.9608080808080792,40.682929292929266
2023,22,1,22,0.34,0.9608080808080792,40.576666666666725
2023,23,1,23,0.34,0.9510101010101026,40.15565656565653
2023,24,1,24,0.34,0.9510101010101026,40.20343434343438
2023,25,1,25,0.34,0.9423232323232316,39.998989898989954
2023,26,1,26,0.34,0.9510101010101026,40.165959595959606
2023,27,1,27,0.34,0.9510101010101026,40.145656565656594
2023,35,2,4,0.34,0.9393939393939381,39.73545454545453
2023,41,2,10,0.34,0.9328282828282838,39.615656565656614
2023,42,2,11,0.34,0.9512121212121226,40.38131313131311
2023,43,2,12,0.34,0.9706060606060598,41.01757575757578
2023,44,2,13,0.34,0.9608080808080792,40.52797979797982
2023,45,2,14,0.34,0.9608080808080792,40.77161616161618
2023,46,2,15,0.34,0.9510101010101026,40.20454545454548
2023,47,2,16,0.34,0.9526262626262633,40.44949494949498
2023,48,2,17,0.34,0.9510101010101026,40.18363636363641
2023,50,2,19,0.34,0.9430303030303024,40.04292929292924
2023,51,2,20,0.34,0.9333333333333341,39.62414141414145
2023,52,2,21,0.34,0.9496969696969713,40.1656565656566
2023,54,2,23,0.34,0.9714141414141413,41.231818181818205
2023,57,2,26,0.34,0.94838383838384,39.97848484848488
2023,59,2,28,0.34,0.94121212121212,39.95050505050503
2023,60,3,1,0.34,0.9608080808080792,40.556868686868754
2023,61,3,2,0.34,0.94121212121212,39.92787878787873
2023,62,3,3,0.34,0.94121212121212,39.93121212121208
2023,70,3,11,0.34,0.9025252525252527,38.13070707070707
2023,73,3,14,0.34,0.981414141414141,41.670404040404
2023,75,3,16,0.34,0.94121212121212,39.93979797979804
2023,232,8,20,8.00737373737374,0.43171717171717167,18.294747474747474
2023,287,10,14,7.038282828282834,0.45646464646464674,19.268585858585837
2023,294,10,21,7.054646464646465,0.45202020202020166,19.058787878787857
2023,304,10,31,6.776666666666667,0.47606060606060635,20.0891919191919
2023,313,11,9,6.764545454545457,0.4888888888888888,20.60141414141413
2023,319,11,15,6.680909090909096,0.5091919191919198,21.524242424242406
2023,328,11,24,6.220808080808084,0.520505050505051,21.943636363636347
2023,329,11,25,6.174949494949498,0.5221212121212127,21.975757575757576
2023,334,11,30,6.126060606060609,0.533737373737374,22.52747474747474
2023,342,12,8,6.034141414141415,0.5364646464646471,22.67737373737374
2023,353,12,19,5.9116161616161556,0.6123232323232329,25.952828282828285
2023,357,12,23,3.1209090909090866,0.7555555555555551,31.92444444444444
2023,358,12,24,2.1432323232323256,0.7742424242424241,32.69979797979799
2023,362,12,28,2.9630303030303033,0.7583838383838379,32.01686868686866
2023,363,12,29,3.0956565656565656,0.7674747474747472,32.54969696969698
2023,364,12,30,2.7770707070707084,0.7725252525252528,32.705252525252526
2024,3,1,3,2.71767676767677,0.7625252525252516,32.26262626262625
2024,7,1,7,3.0808080808080813,0.7555555555555555,32.00838383838387
2024,8,1,8,3.087777777777779,0.7543434343434343,31.897070707070704
2024,9,1,9,3.088888888888889,0.7533333333333332,31.926868686868712
2024,10,1,10,3.086868686868687,0.7535353535353536,31.931515151515164
2024,11,1,11,3.083636363636364,0.7517171717171716,31.84868686868687
2024,12,1,12,3.08,0.757474747474747,31.952525252525277
2024,13,1,13,3.076969696969697,0.7553535353535351,31.845353535353542
2024,14,1,14,3.080505050505051,0.746262626262626,31.579292929292937
2024,16,1,16,3.0924242424242423,0.7303030303030307,30.906262626262652
2024,17,1,17,3.1081818181818184,0.7406060606060604,31.32454545454545
2024,20,1,20,3.0538383838383854,0.7809090909090908,33.06585858585858
2024,22,1,22,2.028787878787881,0.8262626262626261,35.024949494949496
2024,23,1,23,1.5443434343434361,0.8451515151515154,35.82989898989899
2024,24,1,24,1.1950505050505074,0.9132323232323232,38.53040404040406
2024,25,1,25,0.6831313131313155,0.9206060606060594,38.831111111111134
2024,26,1,26,0.6904040404040434,0.9136363636363625,38.752020202020155
2024,27,1,27,0.6775757575757606,0.9196969696969686,38.81121212121215
2024,35,2,4,0.3536363636363638,0.9766666666666671,41.397878787878845
2024,41,2,10,0.34,0.9510101010101026,40.36141414141411
2024,42,2,11,0.34,0.9510101010101026,40.2344444444444
2024,43,2,12,0.34,0.9510101010101026,40.13474747474744
2024,44,2,13,0.34,0.9510101010101026,40.350404040404094
2024,45,2,14,0.34,0.9608080808080792,40.53676767676762
2024,46,2,15,0.34,0.9510101010101026,40.35161616161621
2024,47,2,16,0.34,0.9516161616161628,40.390808080808114
2024,48,2,17,0.34,0.9706060606060598,40.988888888888845
2024,50,2,19,0.34,0.9800000000000004,41.53979797979804
2024,51,2,20,0.34,0.9711111111111106,41.23111111111105
2024,52,2,21,0.34,0.9510101010101026,40.302323232323246
2024,54,2,23,0.34,0.94121212121212,39.959393939393976
2024,57,2,26,0.34,0.9525252525252531,40.449292929292966
2024,59,2,28,0.34,0.9314141414141434,39.47858585858582
2024,60,2,29,0.34,0.9314141414141434,39.43999999999995
2024,61,3,1,0.34,0.9264646464646472,39.07141414141417
2024,62,3,2,0.34,0.9196969696969681,38.922525252525254
2024,70,3,10,0.34,0.9314141414141434,39.49858585858582
2024,73,3,13,0.34,0.921616161616163,39.05656565656568
2024,75,3,15,0.34,0.9218181818181833,39.13606060606058
2024,232,8,19,8.015454545454547,0.38060606060606045,15.99212121212119
2024,287,10,13,7.832323232323234,0.42575757575757567,17.894242424242414
2024,294,10,20,7.614141414141418,0.43848484848484875,18.507070707070685
2024,304,10,30,7.562121212121212,0.45202020202020204,19.06696969696968
2024,313,11,8,7.153535353535354,0.47292929292929287,19.94151515151513
2024,319,11,14,7.0614141414141445,0.481010101010101,20.297373737373718
2024,328,11,23,6.893636363636367,0.5312121212121211,22.490909090909085
2024,329,11,24,5.978383838383839,0.5296969696969698,22.372626262626266
2024,334,11,29,6.0220202020202,0.5360606060606063,22.57979797979798
2024,342,12,7,6.204848484848487,0.5221212121212127,22.066868686868677
2024,353,12,18,6.295151515151518,0.5219191919191924,22.049292929292925
2024,357,12,22,6.316161616161618,0.5340404040404045,22.522828282828275
2024,358,12,23,6.312323232323237,0.5295959595959605,22.308181818181815
2024,362,12,27,6.316969696969702,0.535656565656566,22.59868686868687
2024,363,12,28,6.316767676767681,0.5314141414141422,22.380909090909096
2024,364,12,29,6.314646464646467,0.5312121212121221,22.37474747474748
2025,3,1,3,6.278181818181821,0.5291919191919199,22.37494949494949
2025,7,1,7,6.355757575757578,0.5273737373737382,22.29212121212121
2025,8,1,8,6.369494949494951,0.5295959595959605,22.300404040404047
2025,9,1,9,6.375353535353537,0.5226262626262631,22.075959595959585
2025,10,1,10,6.3797979797979805,0.5224242424242429,22.07777777777778
2025,11,1,11,6.3837373737373735,0.5249494949494956,22.11545454545453
2025,12,1,12,6.388181818181819,0.5259595959595968,22.22424242424242
2025,13,1,13,6.391616161616162,0.5285858585858595,22.262525252525254
2025,14,1,14,6.395757575757577,0.525353535353536,22.13212121212119
2025,16,1,16,6.403434343434344,0.5212121212121217,21.975959595959576
2025,17,1,17,6.4076767676767705,0.5282828282828292,22.302525252525246
2025,20,1,20,6.41575757575758,0.5220202020202025,22.03141414141413
2025,22,1,22,6.42707070707071,0.5149494949494954,21.684444444444427
2025,23,1,23,6.430606060606064,0.5121212121212125,21.613232323232314
2025,24,1,24,6.432222222222225,0.5090909090909096,21.48070707070707
2025,25,1,25,6.4519191919191945,0.563838383838384,23.859090909090902
2025,26,1,26,5.256565656565655,0.650909090909091,27.53858585858586
2025,27,1,27,3.7335353535353506,0.6981818181818178,29.59777777777777
2025,35,2,4,3.152222222222222,0.7599999999999998,32.102929292929296
2025,41,2,10,0.6245454545454572,0.9290909090909102,39.41292929292929
2025,42,2,11,0.3957575757575764,0.9292929292929308,39.30363636363638
2025,43,2,12,0.3788888888888894,0.9334343434343448,39.44585858585858
2025,44,2,13,0.3715151515151519,0.9435353535353531,39.90232323232323
2025,45,2,14,0.3570707070707073,0.9231313131313128,39.08464646464647
2025,46,2,15,0.35979797979798006,0.9362626262626251,39.52989898989901
2025,47,2,16,0.34,0.9326262626262635,39.606464646464616
2025,48,2,17,0.34,0.94121212121212,39.821717171717246
2025,50,2,19,0.34,0.9314141414141434,39.51696969696967
2025,51,2,20,0.34,0.9314141414141434,39.30292929292932
2025,52,2,21,0.34,0.9314141414141434,39.31353535353529
2025,54,2,23,0.34,0.921616161616163,39.03919191919195
2025,57,2,26,0.34,0.9115151515151495,38.56484848484843
2025,59,2,28,0.34,0.9195959595959609,38.89393939393942
2025,60,3,1,0.34,0.9472727272727287,39.914747474747486
2025,61,3,2,0.34,0.9376767676767666,39.74080808080805
2025,62,3,3,0.34,0.9182828282828298,38.96454545454549
2025,70,3,11,0.43797979797979886,0.9488888888888881,40.03919191919195
2025,73,3,14,0.41929292929293016,0.9542424242424239,40.34090909090909
2025,75,3,16,0.34,0.9283838383838401,39.22979797979803
2025,232,8,20,7.968787878787883,0.38131313131313116,16.080202020201998
2025,287,10,14,6.911515151515151,0.4610101010101013,19.550606060606057
2025,294,10,21,3.5227272727272694,0.7025252525252521,29.58141414141415
2025,304,10,31,3.779393939393936,0.6278787878787883,26.49434343434345
2025,313,11,9,5.682525252525252,0.5329292929292934,22.468686868686866
2025,319,11,15,4.4998989898989885,0.6261616161616158,26.527676767676773
2025,328,11,24,0.34,0.9607070707070692,40.726060606060635
2025,329,11,25,0.34,0.9510101010101026,40.10292929292933
2025,334,11,30,0.34,0.9619191919191908,40.841515151515196
2025,342,12,8,0.34,0.950303030303032,40.25222222222217
2025,353,12,19,0.3551515151515154,0.9418181818181833,39.93464646464652
2025,357,12,23,0.37676767676767725,0.9546464646464643,40.397070707070704
2025,358,12,24,0.3665656565656569,0.9718181818181821,41.12040404040398
2025,362,12,28,0.34,0.9608080808080792,40.50797979797983
2025,363,12,29,0.34,0.9608080808080792,40.5965656565657
2025,364,12,30,0.34,0.945151515151514,40.02424242424242
