year,julian,Suct_mean_mm,Saturation_mean,TSW_mean_mm
1980,3,4.608383838383831,0.7031313131313136,29.779494949494968
1980,7,5.709191919191917,0.6492929292929287,27.407575757575756
1980,8,6.080404040404045,0.6407070707070709,27.220505050505047
1980,9,6.093232323232311,0.6638383838383838,28.06686868686871
1980,10,5.355050505050508,0.6764646464646468,28.586060606060627
1980,11,4.979595959595963,0.6567676767676769,27.721818181818172
1980,14,5.37747474747475,0.6737373737373746,28.450202020202028
1980,16,4.783636363636358,0.6839393939393927,29.00030303030302
1980,17,4.909999999999996,0.671818181818182,28.454747474747474
1980,20,1.6106060606060608,0.8243434343434348,34.86767676767677
1980,22,0.8226262626262655,0.8904040404040416,37.611313131313125
1980,24,0.7230303030303054,0.8836363636363628,37.47353535353534
1980,25,0.7919191919191938,0.9116161616161623,38.57434343434342
1980,26,0.34,0.9540404040404028,40.27515151515156
1980,27,0.34,0.9379797979797968,39.68939393939395
1980,35,0.34,0.94121212121212,39.75444444444449
1980,41,0.34,0.94121212121212,39.705555555555534
1980,42,0.34,0.941919191919191,39.98828282828279
1980,43,0.34,0.94121212121212,39.85151515151514
1980,44,0.34,0.9237373737373746,39.148080808080785
1980,45,0.34,0.9267676767676772,39.16070707070709
1980,46,0.34,0.9258585858585872,39.24030303030302
1980,47,0.34,0.934646464646466,39.66636363636363
1980,50,0.34,0.8996969696969702,38.000505050505055
1980,51,0.34,0.8932323232323237,37.83858585858585
1980,52,0.34,0.8900000000000001,37.61363636363637
1980,54,0.34,0.9317171717171734,39.556666666666615
1980,57,0.34,0.921616161616163,39.076666666666675
1980,59,0.34,0.9314141414141434,39.36242424242423
1980,60,0.34,0.9314141414141434,39.43040404040406
1980,61,0.34,0.906868686868687,38.440606060606044
1980,62,0.34,0.9002020202020208,38.15070707070709
1980,70,0.34,0.9510101010101026,40.243434343434394
1980,73,0.34,0.9131313131313116,38.77414141414147
1980,232,4.60525252525252,0.5941414141414144,25.10787878787878
1980,287,4.176565656565651,0.6534343434343446,27.674040404040408
1980,294,4.032929292929287,0.6551515151515148,27.73696969696969
1980,304,3.900808080808075,0.6655555555555551,28.1268686868687
1980,313,3.672727272727267,0.699393939393939,29.587070707070705
1980,319,3.2894949494949453,0.7196969696969694,30.367373737373725
1980,328,3.1464646464646435,0.7449494949494958,31.58898989898989
1980,334,3.0986868686868667,0.7480808080808088,31.58010101010099
1980,353,0.34,0.9608080808080792,40.65393939393942
1980,357,0.34,0.9608080808080792,40.584949494949484
1980,362,0.34,0.9501010101010116,40.16121212121215
1980,363,0.34,0.951010101010102,40.354848484848496
1980,364,0.34,0.9391919191919181,39.63191919191924
1982,3,0.34,0.9519191919191923,40.26888888888888
1982,7,0.34,0.9327272727272737,39.47262626262626
1982,8,0.34,0.9314141414141434,39.48838383838387
1982,9,0.34,0.94121212121212,39.675959595959604
1982,10,0.34,0.9077777777777782,38.47828282828283
1982,11,0.34,0.96131313131313,40.80262626262633
1982,14,0.34,0.9510101010101026,40.30313131313133
1982,16,0.34,0.9608080808080792,40.51737373737368
1982,17,0.34,0.952121212121213,40.41121212121214
1982,20,0.34,0.9270707070707079,39.31878787878788
1982,22,0.34,0.9110101010101017,38.64929292929292
1982,24,0.34,0.9510101010101026,40.126565656565695
1982,25,0.34,0.9510101010101026,40.24424242424247
1982,26,0.34,0.9510101010101026,40.21303030303026
1982,27,0.34,0.9512121212121221,40.23717171717171
1982,35,0.34,0.9525252525252531,40.449292929292966
1982,41,0.34,0.9519191919191924,40.32484848484851
1982,42,0.34,0.9397979797979785,39.69434343434343
1982,43,0.34,0.9510101010101026,40.34666666666669
1982,44,0.34,0.9314141414141434,39.51454545454545
1982,45,0.34,0.9314141414141434,39.49909090909087
1982,46,0.34,0.9238383838383847,39.04878787878786
1982,47,0.34,0.906969696969697,38.309191919191896
1982,50,0.34,0.9125252525252509,38.74303030303026
1982,51,0.34,0.9221212121212137,39.145555555555596
1982,52,0.34,0.9227272727272744,39.17595959595956
1982,54,0.34,0.94111111111111,39.72222222222219
1982,57,0.34,0.9395959595959584,39.606363636363604
1982,59,0.34,0.9287878787878805,39.39949494949492
1982,60,0.34,0.9366666666666663,39.66464646464647
1982,61,0.34,0.9151515151515138,38.74545454545455
1982,62,0.34,0.9306060606060625,39.228585858585824
1982,70,0.34,0.9423232323232308,39.8260606060606
1982,73,0.34,0.8440404040404031,35.671919191919194
1982,232,4.513535353535348,0.5877777777777786,24.899595959595963
1982,287,3.192323232323233,0.6845454545454545,28.974040404040387
1982,294,3.465757575757572,0.6916161616161628,29.313232323232317
1982,304,3.320505050505046,0.681212121212121,28.813737373737393
1982,313,3.333535353535349,0.7223232323232325,30.511313131313145
1982,319,0.34,0.9510101010101026,40.077171717171716
1982,328,0.34,0.9510101010101026,40.203030303030346
1982,334,0.34,0.8997979797979804,38.0309090909091
1982,353,0.34,0.9608080808080792,40.61333333333337
1982,357,0.34,0.9328282828282843,39.42262626262627
1982,362,0.34,0.9625252525252515,40.87131313131311
1982,363,0.34,0.9540404040404049,40.35969696969694
1982,364,0.34,0.952323232323233,40.430404040404085
1983,3,0.34,0.9510101010101026,40.27282828282823
1983,7,0.34,0.9510101010101026,40.24252525252529
1983,8,0.34,0.94121212121212,39.802626262626205
1983,9,0.34,0.9314141414141434,39.332222222222285
1983,10,0.34,0.9313131313131332,39.28242424242428
1983,11,0.34,0.9222222222222237,39.14333333333336
1983,14,0.34,0.9407070707070694,39.87949494949491
1983,16,0.34,0.9497979797979814,40.18454545454551
1983,17,0.34,0.9583838383838372,40.40242424242428
1983,20,0.34,0.9423232323232316,39.997878787878825
1983,22,0.34,0.9527272727272734,40.41767676767678
1983,24,0.34,0.9265656565656571,39.279393939393955
1983,25,0.34,0.9346464646464661,39.6421212121212
1983,26,0.34,0.9162626262626244,38.83747474747476
1983,27,0.34,0.89929292929293,37.974343434343446
1983,35,0.34,0.8764646464646464,37.11868686868686
1983,41,0.34,0.9112121212121208,38.50666666666668
1983,42,0.34,0.94121212121212,39.86343434343437
1983,43,0.34,0.9259595959595965,39.225757575757555
1983,44,0.34,0.8889898989898997,37.522525252525256
1983,45,0.34,0.9314141414141434,39.421111111111074
1983,46,0.34,0.9314141414141434,39.49909090909087
1983,47,0.34,0.9314141414141434,39.342828282828286
1983,50,0.34,0.921616161616163,38.92141414141417
1983,51,0.34,0.921616161616163,38.92111111111114
1983,52,0.34,0.9314141414141434,39.274444444444406
1983,54,0.34,0.9159595959595943,38.882222222222225
1983,57,0.34,0.8960606060606067,37.95737373737373
1983,59,0.34,0.8923232323232326,37.67676767676769
1983,60,0.34,0.8938383838383841,37.8918181818182
1983,61,0.34,0.8657575757575757,36.66090909090908
1983,62,0.34,0.8455555555555546,35.778686868686876
1983,70,0.34,0.921616161616163,38.93868686868689
1983,73,0.34,0.8254545454545459,34.87060606060606
1983,232,7.567979797979797,0.45151515151515126,19.093232323232318
1983,287,0.34,0.9128282828282813,38.740101010100986
1983,294,0.34,0.921616161616163,39.12282828282833
1983,304,0.43818181818181906,0.9097979797979797,38.39676767676768
1983,313,0.34,0.9505050505050521,40.27727272727274
1983,319,0.34,0.94121212121212,39.86222222222226
1983,328,0.34,0.9293939393939403,39.40111111111114
1983,334,0.34,0.9608080808080792,40.565252525252525
1983,353,0.34,0.9706060606060598,41.174343434343406
1983,357,0.34,0.9619191919191908,40.681515151515164
1983,362,0.34,0.9571717171717163,40.469090909090944
1983,363,0.34,0.9608080808080792,40.58666666666665
1983,364,0.34,0.9608080808080792,40.74404040404036
1985,3,0.34,0.9423232323232316,40.018181818181844
1985,7,0.34,0.9699999999999992,40.97101010101014
1985,8,0.34,0.9520202020202025,40.419090909090926
1985,9,0.34,0.9432323232323216,39.80858585858586
1985,10,0.34,0.941515151515151,39.79191919191919
1985,11,0.34,0.9510101010101026,40.155555555555516
1985,14,0.34,0.9510101010101026,40.25363636363632
1985,16,0.34,0.9517171717171728,40.40060606060602
1985,17,0.34,0.9510101010101026,40.13565656565654
1985,20,0.34,0.9510101010101026,40.243131313131364
1985,22,0.34,0.9608080808080792,40.644848484848445
1985,24,0.34,0.952121212121213,40.40202020202022
1985,25,0.34,0.9510101010101026,40.328181818181804
1985,26,0.34,0.9506060606060622,40.18010101010099
1985,27,0.34,0.9507070707070723,40.304444444444485
1985,35,0.34,0.9510101010101026,40.35141414141418
1985,41,0.34,0.94121212121212,39.81242424242426
1985,42,0.34,0.9234343434343453,39.21535353535352
1985,43,0.34,0.921616161616163,38.97787878787882
1985,44,0.34,0.9020202020202028,38.27484848484845
1985,45,0.34,0.902727272727273,38.32383838383841
1985,46,0.34,0.9118181818181798,38.51191919191921
1985,47,0.34,0.9314141414141434,39.233737373737334
1985,50,0.34,0.922222222222224,39.03929292929292
1985,51,0.34,0.9320202020202029,39.58191919191923
1985,52,0.34,0.9129292929292915,38.76414141414137
1985,54,0.34,0.9314141414141434,39.47969696969694
1985,57,0.34,0.9227272727272744,39.17313131313127
1985,59,0.34,0.9221212121212137,39.14020202020206
1985,60,0.34,0.9231313131313149,39.19949494949493
1985,61,0.34,0.8980808080808084,38.121515151515155
1985,62,0.34,0.9208080808080825,39.09080808080813
1985,70,0.3418181818181819,0.826666666666667,34.923131313131314
1985,73,0.37545454545454593,0.8881818181818179,37.69474747474747
1985,232,4.639797979797976,0.5349494949494953,22.592929292929274
1985,287,4.077171717171712,0.5894949494949502,24.98040404040405
1985,294,4.004949494949491,0.666060606060606,28.1088888888889
1985,304,3.225656565656565,0.6909090909090919,29.229898989898988
1985,313,3.1660606060606047,0.7345454545454551,31.15262626262625
1985,319,0.42717171717171815,0.9192929292929286,38.79282828282826
1985,328,0.38393939393939447,0.9295959595959604,39.25353535353533
1985,334,0.34,0.9608080808080792,40.59696969696974
1985,353,0.34,0.94121212121212,39.73474747474751
1985,357,0.34,0.9510101010101026,40.31010101010108
1985,362,0.34,0.9696969696969688,40.926262626262655
1985,363,0.34,0.9712121212121207,41.12777777777778
1985,364,0.34,0.96141414141414,40.797777777777775
1986,3,0.34,0.9539393939393941,40.309090909090905
1986,7,0.34,0.94121212121212,39.702727272727245
1986,8,0.34,0.94121212121212,39.82202020202027
1986,9,0.34,0.9411111111111098,39.66515151515147
1986,10,0.34,0.9328282828282838,39.60646464646463
1986,11,0.34,0.9314141414141434,39.42070707070703
1986,14,0.34,0.9529292929292934,40.45868686868683
1986,16,0.34,0.9608080808080792,40.60484848484846
1986,17,0.34,0.9415151515151504,39.967373737373705
1986,20,0.34,0.9508080808080823,40.15909090909092
1986,22,0.34,0.9508080808080824,40.29323232323239
1986,24,0.34,0.9407070707070696,39.920909090909056
1986,25,0.34,0.9213131313131329,39.100909090909056
1986,26,0.34,0.9281818181818201,39.34080808080812
1986,27,0.34,0.9359595959595947,39.53121212121215
1986,35,0.34,0.8793939393939402,37.2549494949495
1986,41,0.34,0.9509090909090925,40.05737373737375
1986,42,0.34,0.952121212121213,40.420303030302975
1986,43,0.34,0.9699999999999992,40.96323232323229
1986,44,0.34,0.9511111111111121,40.3708080808081
1986,45,0.34,0.934343434343435,39.56060606060607
1986,46,0.34,0.9519191919191924,40.40878787878785
1986,47,0.34,0.9511111111111121,40.36434343434339
1986,50,0.34,0.914646464646463,38.80656565656566
1986,51,0.34,0.8881818181818188,37.561010101010076
1986,52,0.34,0.837979797979797,35.52373737373736
1986,54,0.34,0.9118181818181798,38.714444444444496
1986,57,0.34,0.921616161616163,38.85212121212121
1986,59,0.34,0.9230303030303049,39.19424242424237
1986,60,0.34,0.9314141414141434,39.39171717171721
1986,61,0.34,0.9314141414141434,39.27424242424238
1986,62,0.34,0.9227272727272744,39.16606060606063
1986,70,0.3335353535353535,0.7326262626262632,30.98585858585859
1986,73,0.6528282828282832,0.7280808080808074,30.801111111111123
1986,232,4.594848484848479,0.5802020202020209,24.55858585858586
1986,287,0.7349494949494962,0.8809090909090891,37.32646464646468
1986,294,0.8024242424242438,0.8868686868686885,37.409090909090935
1986,304,1.022727272727275,0.879494949494949,37.12202020202018
1986,313,1.3232323232323249,0.8336363636363652,35.376363636363635
1986,319,1.7527272727272745,0.7844444444444447,33.171010101010104
1986,328,0.4233333333333343,0.9330303030303018,39.381818181818154
1986,334,0.4084848484848484,0.9237373737373739,39.15969696969698
1986,353,0.34,0.9692929292929283,40.90464646464644
1986,357,0.34,0.9594949494949482,40.55545454545452
1986,362,0.34,0.9509090909090915,40.36101010101007
1986,363,0.34,0.9487878787878803,40.242929292929325
1986,364,0.34,0.9484848484848499,40.226767676767714
1987,3,0.34,0.9402020202020199,39.926060606060595
1987,7,0.34,0.9251515151515151,39.13292929292928
1987,8,0.34,0.951212121212122,40.36626262626263
1987,9,0.34,0.9430303030303024,40.04595959595954
1987,10,0.34,0.9411111111111098,39.69313131313136
1987,11,0.34,0.94121212121212,39.79151515151518
1987,14,0.34,0.9509090909090925,40.153737373737336
1987,16,0.34,0.9509090909090925,40.144747474747504
1987,17,0.34,0.9510101010101026,40.270404040403996
1987,20,0.34,0.94121212121212,39.899090909090944
1987,22,0.34,0.9510101010101026,40.21181818181815
1987,24,0.34,0.950606060606062,40.137676767676794
1987,25,0.34,0.9423232323232316,39.98707070707075
1987,26,0.34,0.9403030303030292,39.71717171717176
1987,27,0.34,0.9508080808080821,40.3477777777778
1987,35,0.34,0.9190909090909107,39.015656565656585
1987,41,0.384545454545455,0.9140404040404054,38.62989898989898
1987,42,0.3865656565656571,0.9425252525252539,39.81070707070704
1987,43,0.33838383838383845,0.9418181818181833,39.851818181818174
1987,44,0.33878787878787886,0.9453535353535363,40.04494949494951
1987,45,0.33878787878787886,0.9173737373737393,38.8409090909091
1987,46,0.34474747474747486,0.9089898989898979,38.54616161616161
1987,47,0.3457575757575759,0.9170707070707083,38.78909090909094
1987,50,0.34,0.9210101010101025,39.091717171717214
1987,51,0.34,0.9217171717171735,39.13707070707066
1987,52,0.34,0.9202020202020216,39.052525252525236
1987,54,0.34,0.9394949494949483,39.617272727272734
1987,57,0.34,0.9297979797979817,39.29454545454544
1987,59,0.34,0.9297979797979817,39.427777777777735
1987,60,0.34,0.9297979797979817,39.46505050505046
1987,61,0.34,0.9296969696969716,39.353939393939406
1987,62,0.34,0.9291919191919211,39.18888888888885
1987,70,0.34272727272727277,0.9096969696969677,38.59363636363632
1987,73,0.36404040404040433,0.7758585858585856,32.82656565656566
1987,232,4.80515151515151,0.5761616161616167,24.266868686868687
1987,287,4.331919191919188,0.635858585858587,26.86454545454545
1987,294,3.9306060606060558,0.6784848484848488,28.7577777777778
1987,304,0.522020202020203,0.8152525252525246,34.45656565656565
1987,313,0.34,0.942626262626262,40.02717171717167
1987,319,0.34,0.94121212121212,39.76373737373732
1987,328,0.34,0.94121212121212,39.88262626262623
1987,334,0.34,0.9606060606060592,40.76393939393942
1987,353,0.34,0.9706060606060598,41.04707070707079
1987,357,0.34,0.9608080808080792,40.78232323232317
1987,362,0.34,0.9801010101010106,41.48565656565652
1987,363,0.34,0.9699999999999992,40.93101010101013
1987,364,0.34,0.9706060606060598,40.918888888888944
1991,3,1.3227272727272739,0.8567676767676774,36.2550505050505
1991,7,0.34,0.9549494949494939,40.43353535353535
1991,8,0.34,0.955353535353534,40.47060606060604
1991,9,0.34,0.9481818181818191,40.00262626262628
1991,10,0.34,0.9608080808080792,40.702121212121185
1991,11,0.34,0.9606060606060591,40.53333333333328
1991,14,0.34,0.9314141414141434,39.43494949494945
1991,16,0.34,0.9401010101010089,39.68626262626258
1991,17,0.34,0.9397979797979785,39.60505050505053
1991,20,0.34,0.9492929292929307,40.27434343434347
1991,22,0.34,0.9394949494949483,39.75545454545455
1991,24,0.34,0.9489898989899005,40.27191919191923
1991,25,0.338989898989899,0.9575757575757564,40.43161616161613
1991,26,0.3408080808080809,0.9497979797979806,40.29505050505051
1991,27,0.34323232323232333,0.9571717171717158,40.42636363636369
1991,35,0.3711111111111115,0.9257575757575767,39.293434343434384
1991,41,0.4505050505050514,0.9155555555555569,38.85242424242427
1991,42,0.4708080808080818,0.9228282828282817,39.03050505050507
1991,43,0.4873737373737384,0.9117171717171735,38.524545454545496
1991,44,0.5095959595959606,0.9096969696969714,38.44696969696969
1991,45,0.537979797979799,0.8984848484848497,38.03525252525257
1991,46,0.5674747474747485,0.9143434343434333,38.57252525252525
1991,47,0.5874747474747485,0.9124242424242416,38.5048484848485
1991,50,0.6593939393939405,0.8828282828282817,37.477070707070716
1991,51,0.6934343434343451,0.8884848484848495,37.536767676767646
1991,52,0.7141414141414159,0.8876767676767687,37.61484848484846
1991,54,0.7484848484848504,0.8953535353535369,37.970505050505025
1991,57,0.7974747474747497,0.8895959595959599,37.59545454545455
1991,59,0.699393939393941,0.845757575757575,35.84575757575756
1991,60,0.6720202020202036,0.8306060606060611,35.10636363636364
1991,61,0.634343434343436,0.9045454545454552,38.25010101010103
1991,62,0.3921212121212127,0.871414141414142,36.89878787878787
1991,70,0.34,0.8500000000000011,35.86626262626263
1991,73,0.34,0.7321212121212124,30.929393939393936
1991,232,4.446464646464642,0.5969696969696974,25.20949494949493
1991,287,4.139393939393931,0.6381818181818177,27.04606060606061
1991,294,4.037373737373732,0.6512121212121208,27.447878787878768
1991,304,2.374242424242427,0.7733333333333342,32.80161616161617
1991,313,2.2386868686868717,0.8002020202020194,33.829898989898986
1991,319,2.263131313131316,0.7769696969696963,32.84929292929292
1991,328,2.905353535353535,0.7286868686868692,30.787474747474743
1991,334,2.9075757575757577,0.7482828282828289,31.567070707070716
1991,353,1.387777777777779,0.8561616161616161,36.16525252525253
1991,357,1.4123232323232333,0.8618181818181812,36.48181818181818
1991,362,1.2791919191919203,0.8406060606060609,35.607878787878775
1991,363,1.0736363636363646,0.8369696969696973,35.40585858585858
1991,364,1.012828282828284,0.8401010101010101,35.52767676767676
1992,3,0.34,0.9699999999999992,40.96222222222218
1992,7,0.34,0.9538383838383849,40.43929292929294
1992,8,0.34,0.9388888888888878,39.68323232323234
1992,9,0.34,0.94121212121212,39.90101010101013
1992,10,0.34,0.94121212121212,39.75373737373742
1992,11,0.34,0.9429292929292923,40.04676767676762
1992,14,0.34,0.9510101010101026,40.115353535353506
1992,16,0.34,0.94121212121212,39.88131313131317
1992,17,0.34,0.9510101010101026,40.321717171717175
1992,20,0.34,0.9510101010101026,40.12525252525257
1992,22,0.34,0.9418181818181809,39.97828282828286
1992,24,0.34,0.9317171717171734,39.55585858585853
1992,25,0.34,0.9409090909090898,39.69282828282832
1992,26,0.34,0.9510101010101026,40.29505050505051
1992,27,0.34,0.94121212121212,39.842525252525235
1992,35,0.34,0.928282828282829,39.413030303030276
1992,41,0.3459595959595961,0.9155555555555535,38.730101010100995
1992,42,0.33767676767676774,0.907272727272727,38.450505050505036
1992,43,0.3407070707070708,0.9047474747474746,38.275050505050515
1992,44,0.3414141414141415,0.8973737373737382,38.02585858585859
1992,45,0.3421212121212122,0.8879797979797981,37.51838383838383
1992,46,0.3423232323232324,0.9153535353535333,38.75828282828284
1992,47,0.34,0.949393939393941,40.27070707070706
1992,50,0.34,0.9325252525252536,39.58767676767677
1992,51,0.34,0.9066666666666666,38.360606060606074
1992,52,0.34,0.9320202020202035,39.559090909090855
1992,54,0.34,0.921616161616163,38.950505050505
1992,57,0.34,0.9118181818181798,38.56080808080806
1992,59,0.34,0.921616161616163,38.950202020201964
1992,60,0.34,0.9320202020202035,39.55848484848479
1992,61,0.34,0.9070707070707075,38.369191919191934
1992,62,0.34,0.8722222222222218,36.96838383838382
1992,70,0.34,0.9314141414141434,39.31292929292923
1992,73,0.34,0.9314141414141434,39.24404040404044
1992,232,4.614141414141409,0.5656565656565665,23.880909090909082
1992,287,4.196262626262622,0.6497979797979809,27.48646464646464
1992,294,3.8996969696969637,0.6407070707070709,27.167070707070717
1992,304,3.2645454545454498,0.6559595959595961,27.751515151515157
1992,313,0.4774747474747486,0.9213131313131323,39.11484848484847
1992,319,0.4590909090909102,0.9287878787878775,39.12808080808078
1992,328,0.46606060606060706,0.9284848484848472,39.39292929292928
1992,334,0.4824242424242435,0.9259595959595954,39.30272727272728
1992,353,0.34,0.9578787878787869,40.45222222222221
1992,357,0.34,0.9516161616161628,40.39696969696967
1992,362,0.34,0.935454545454546,39.617272727272706
1992,363,0.34,0.9374747474747483,39.750202020202
1992,364,0.34,0.9699999999999992,40.90686868686866
1993,3,0.34,0.9608080808080792,40.71303030303034
1993,7,0.34,0.9614141414141404,40.819999999999965
1993,8,0.34,0.9699999999999992,40.88323232323226
1993,9,0.34,0.9673737373737364,40.897070707070704
1993,10,0.34,0.9699999999999992,41.11191919191914
1993,11,0.34,0.9599999999999985,40.50919191919193
1993,14,0.34,0.9522222222222229,40.29949494949495
1993,16,0.34,0.9699999999999992,41.09969696969701
1993,17,0.34,0.9699999999999992,40.90040404040401
1993,20,0.34,0.9608080808080792,40.6852525252525
1993,22,0.34,0.9510101010101026,40.303232323232336
1993,24,0.34,0.9422222222222215,39.98909090909086
1993,25,0.34,0.94121212121212,39.7011111111111
1993,26,0.34,0.94121212121212,39.65626262626266
1993,27,0.34,0.9510101010101026,40.31020202020209
1993,35,0.34,0.942626262626262,40.018080808080846
1993,41,0.34,0.94121212121212,39.86141414141419
1993,42,0.34,0.9423232323232316,40.018181818181844
1993,43,0.34,0.9510101010101026,40.096868686868675
1993,44,0.34,0.915858585858584,38.68767676767677
1993,45,0.34,0.9423232323232316,39.989595959595924
1993,46,0.34,0.94121212121212,39.899595959596
1993,47,0.34,0.952121212121213,40.42020202020197
1993,50,0.34,0.9084848484848492,38.46505050505052
1993,51,0.34,0.9086868686868692,38.45575757575757
1993,52,0.34,0.9035353535353543,38.30909090909091
1993,54,0.34,0.9349494949494953,39.513636363636365
1993,57,0.34,0.9174747474747461,38.76474747474745
1993,59,0.34,0.94121212121212,39.737171717171734
1993,60,0.34,0.9037373737373743,38.14909090909091
1993,61,0.34,0.9314141414141434,39.41090909090912
1993,62,0.34,0.9314141414141434,39.23363636363633
1993,70,0.34,0.9118181818181798,38.696262626262644
1993,73,0.34,0.9117171717171696,38.45909090909086
1993,232,4.480101010101005,0.5964646464646469,25.176161616161597
1993,287,4.00515151515151,0.6565656565656576,27.681010101010102
1993,294,3.876868686868682,0.6672727272727283,28.265252525252528
1993,304,3.7997979797979737,0.6964646464646473,29.3981818181818
1993,313,3.598181818181813,0.7009090909090906,29.72090909090909
1993,319,3.4980808080808035,0.6968686868686871,29.551313131313126
1993,328,2.961111111111111,0.7423232323232333,31.381616161616165
1993,334,2.2560606060606077,0.7358585858585863,31.116868686868685
1993,353,0.34363636363636374,0.9587878787878777,40.70797979797985
1993,357,0.3418181818181819,0.9388888888888877,39.66181818181823
1993,362,0.34,0.9493939393939409,40.228282828282836
1993,363,0.34,0.9402020202020194,39.89757575757573
1993,364,0.34,0.9490909090909107,40.126161616161646
1995,3,0.34,0.9699999999999992,40.92191919191916
1995,7,0.34,0.9705050505050498,41.18808080808076
1995,8,0.34,0.9616161616161605,40.82353535353531
1995,9,0.34,0.9699999999999992,41.00949494949496
1995,10,0.34,0.9506060606060619,40.360202020201974
1995,11,0.34,0.9523232323232332,40.17575757575761
1995,14,0.34,0.9800000000000004,41.31313131313137
1995,16,0.34,0.9601010101010085,40.713131313131264
1995,17,0.34,0.9608080808080792,40.54616161616162
1995,20,0.34,0.9599999999999985,40.54494949494955
1995,22,0.34,0.9611111111111099,40.63434343434342
1995,24,0.34,0.9611111111111099,40.8105050505051
1995,25,0.34,0.9699999999999992,40.90333333333329
1995,26,0.34,0.944747474747475,40.0641414141414
1995,27,0.34,0.9622222222222211,40.86101010101015
1995,35,0.34,0.9316161616161633,39.55474747474744
1995,41,0.34,0.94121212121212,39.85070707070705
1995,42,0.34,0.9510101010101026,40.3421212121212
1995,43,0.34,0.9338383838383854,39.59191919191919
1995,44,0.34,0.9170707070707058,38.86262626262626
1995,45,0.34,0.9341414141414156,39.51777777777779
1995,46,0.34,0.94121212121212,39.94808080808079
1995,47,0.34,0.94121212121212,39.644949494949465
1995,50,0.34,0.9020202020202028,38.24505050505054
1995,51,0.34,0.9020202020202028,38.24474747474751
1995,52,0.34,0.9229292929292947,39.18616161616163
1995,54,0.34,0.9334343434343443,39.63646464646469
1995,57,0.34,0.94121212121212,39.65414141414145
1995,59,0.34,0.9423232323232316,40.00868686868682
1995,60,0.34,0.9421212121212117,39.97626262626261
1995,61,0.34,0.9500000000000017,40.1981818181818
1995,62,0.34,0.9399999999999987,39.74616161616161
1995,70,0.34,0.9149494949494932,38.667373737373715
1995,73,0.34,0.921616161616163,38.900505050505096
1995,232,4.640606060606058,0.5367676767676772,22.751212121212106
1995,287,4.104949494949489,0.6487878787878782,27.487575757575733
1995,294,3.9450505050504994,0.6726262626262629,28.364646464646462
1995,304,3.692424242424236,0.6728282828282832,28.46040404040404
1995,313,3.320707070707065,0.7135353535353532,30.10949494949495
1995,319,3.108787878787876,0.7362626262626267,31.060303030303043
1995,328,2.8510101010101,0.7523232323232316,31.903434343434345
1995,334,2.797575757575756,0.7632323232323242,32.36868686868687
1995,353,0.34,0.9608080808080797,40.779696969696964
1995,357,0.34,0.943636363636362,40.080404040404034
1995,362,0.34,0.9607070707070693,40.48595959595964
1995,363,0.34,0.9516161616161628,40.398585858585825
1995,364,0.34,0.9509090909090925,40.154040404040366
1996,3,0.34,0.9510101010101026,40.35050505050509
1996,7,0.34,0.9509090909090925,40.13282828282825
1996,8,0.34,0.9515151515151526,40.387171717171746
1996,9,0.34,0.9606060606060592,40.582323232323226
1996,10,0.34,0.9509090909090925,40.20717171717169
1996,11,0.34,0.9221212121212137,39.14262626262624
1996,14,0.34,0.9505050505050512,40.34585858585857
1996,16,0.34,0.9389898989898979,39.67575757575758
1996,17,0.34,0.9064646464646464,38.42303030303028
1996,20,0.34,0.9424242424242418,40.01777777777773
1996,22,0.34,0.9509090909090925,40.17686868686869
1996,24,0.34,0.9074747474747478,38.397575757575765
1996,25,0.34,0.8751515151515146,37.14232323232325
1996,26,0.34,0.9509090909090919,40.3634343434343
1996,27,0.34,0.9518181818181823,40.39131313131313
1996,35,0.34,0.9518181818181825,40.42282828282824
1996,41,0.34,0.94121212121212,39.89101010101007
1996,42,0.34,0.94121212121212,39.881717171717206
1996,43,0.34,0.9526262626262633,40.45787878787874
1996,44,0.34,0.941919191919191,39.987373737373694
1996,45,0.34,0.94121212121212,39.64595959595956
1996,46,0.34,0.9510101010101026,40.14555555555559
1996,47,0.34,0.9314141414141434,39.51909090909086
1996,50,0.34,0.9524242424242431,40.21606060606063
1996,51,0.34,0.9599999999999985,40.65969696969697
1996,52,0.34,0.9520202020202025,40.34232323232323
1996,54,0.34,0.8784848484848486,37.138383838383824
1996,57,0.34,0.8727272727272727,36.977373737373746
1996,59,0.34,0.9407070707070695,39.834242424242454
1996,60,0.34,0.912828282828282,38.55858585858585
1996,61,0.34,0.9314141414141434,39.35121212121218
1996,62,0.34,0.921616161616163,38.925757575757565
1996,70,0.34,0.9118181818181798,38.67646464646467
1996,73,0.34,0.8470707070707066,35.7822222222222
1996,232,4.660909090909086,0.5676767676767687,24.010101010101014
1996,287,4.164343434343429,0.6537373737373748,27.68727272727273
1996,294,3.962626262626257,0.6660606060606072,28.15787878787879
1996,304,3.6330303030302993,0.6465656565656569,27.350707070707077
1996,313,0.34,0.9118181818181798,38.53949494949491
1996,319,0.34,0.9431313131313126,40.04787878787872
1996,328,0.34,0.9510101010101026,40.283131313131335
1996,334,0.34,0.94121212121212,39.95030303030302
1996,353,0.34,0.9510101010101026,40.31282828282835
1996,357,0.34,0.9435353535353519,39.88505050505047
1996,362,0.34,0.9267676767676772,39.27606060606058
1996,363,0.34,0.9706060606060598,41.105454545454585
1996,364,0.34,0.9597979797979782,40.49878787878785
1998,3,0.34,0.9603030303030288,40.7537373737373
1998,7,0.34,0.9510101010101026,40.31212121212128
1998,8,0.34,0.953030303030304,40.25979797979799
1998,9,0.34,0.9356565656565662,39.691111111111105
1998,10,0.34,0.9364646464646471,39.582424242424274
1998,11,0.34,0.9608080808080792,40.49919191919187
1998,14,0.34,0.9510101010101026,40.33202020202025
1998,16,0.34,0.9410101010101007,39.70939393939395
1998,17,0.34,0.9192929292929286,38.95101010101007
1998,20,0.34,0.9510101010101026,40.360101010100976
1998,22,0.34,0.952121212121213,40.42969696969703
1998,24,0.34,0.9510101010101026,40.17474747474743
1998,25,0.34,0.9423232323232316,40.01717171717174
1998,26,0.34,0.9510101010101026,40.33161616161622
1998,27,0.34,0.9510101010101026,40.33202020202025
1998,35,0.34,0.9081818181818188,38.40141414141414
1998,41,0.34,0.9510101010101026,40.27323232323227
1998,42,0.34,0.9510101010101026,40.126262626262665
1998,43,0.34,0.9608080808080792,40.61616161616166
1998,44,0.34,0.9518181818181825,40.41303030303035
1998,45,0.34,0.9699999999999992,41.13040404040398
1998,46,0.34,0.9401010101010089,39.85313131313134
1998,47,0.34,0.9245454545454559,39.10474747474748
1998,50,0.34,0.9610101010100999,40.78494949494951
1998,51,0.34,0.9399999999999987,39.61272727272721
1998,52,0.34,0.945151515151514,40.098686868686855
1998,54,0.34,0.9429292929292918,39.822424242424255
1998,57,0.34,0.9320202020202035,39.55848484848479
1998,59,0.34,0.9302020202020223,39.22484848484852
1998,60,0.34,0.9314141414141434,39.27434343434339
1998,61,0.34,0.9314141414141434,39.449191919191975
1998,62,0.34,0.9314141414141434,39.38191919191917
1998,70,0.34,0.9118181818181798,38.47040404040409
1998,73,0.34,0.8698989898989898,36.781414141414146
1998,232,4.053131313131308,0.6101010101010108,25.77888888888889
1998,287,3.943333333333328,0.6627272727272738,27.993939393939385
1998,294,3.8302020202020137,0.6719191919191929,28.372828282828273
1998,304,3.5247474747474707,0.6947474747474748,29.457070707070702
1998,313,3.11151515151515,0.768787878787878,32.49282828282832
1998,319,0.7940404040404063,0.9101010101010115,38.37868686868691
1998,328,0.7383838383838408,0.9083838383838373,38.52555555555551
1998,334,0.4685858585858597,0.9682828282828285,40.94262626262622
1998,353,0.34,0.9674747474747466,40.82474747474743
1998,357,0.34,0.949797979797981,40.302727272727246
1998,362,0.34333333333333343,0.9475757575757592,40.11888888888891
1998,363,0.3464646464646466,0.9470707070707087,40.1389898989899
1998,364,0.3492929292929295,0.9473737373737384,40.20161616161612
2001,3,0.5617171717171727,0.9120202020202015,38.53949494949495
2001,7,0.6563636363636374,0.9239393939393927,39.115757575757605
2001,8,0.6647474747474756,0.9376767676767668,39.6987878787879
2001,9,0.5943434343434354,0.9293939393939384,39.299797979797965
2001,10,0.5995959595959608,0.9256565656565664,39.161919191919196
2001,11,0.5627272727272736,0.9292929292929302,39.395151515151525
2001,14,0.33727272727272734,0.9585858585858572,40.3893939393939
2001,16,0.34,0.952121212121213,40.41010101010103
2001,17,0.34,0.9510101010101026,40.145757575757614
2001,20,0.34,0.9510101010101026,40.34222222222221
2001,22,0.34,0.9608080808080792,40.52626262626264
2001,24,0.34,0.9433333333333318,39.79797979797979
2001,25,0.34,0.9510101010101026,40.30151515151516
2001,26,0.34,0.9711111111111106,41.198787878787826
2001,27,0.34,0.9511111111111121,40.274949494949475
2001,35,0.34,0.9314141414141434,39.48050505050502
2001,41,0.34,0.935454545454546,39.711212121212135
2001,42,0.34,0.9453535353535341,40.11818181818181
2001,43,0.34,0.9406060606060597,39.80626262626263
2001,44,0.34,0.9442424242424226,40.02272727272728
2001,45,0.34,0.9493939393939409,40.11111111111114
2001,46,0.34,0.9510101010101026,40.183232323232374
2001,47,0.34,0.9510101010101026,40.09979797979799
2001,50,0.34,0.9340404040404054,39.60616161616161
2001,51,0.34,0.9500000000000017,40.09090909090905
2001,52,0.34,0.9148484848484834,38.79343434343432
2001,54,0.34,0.9418181818181812,39.80747474747472
2001,57,0.34,0.9432323232323218,39.9126262626263
2001,59,0.34,0.9340404040404056,39.602828282828284
2001,60,0.34,0.8890909090909098,37.53363636363637
2001,61,0.34,0.9510101010101026,40.08696969696975
2001,62,0.34,0.9510101010101026,40.36111111111108
2001,70,0.34,0.9314141414141434,39.53808080808076
2001,73,0.34,0.921616161616163,38.921616161616186
2001,232,4.474242424242419,0.5954545454545459,25.222929292929294
2001,287,3.9827272727272685,0.6577777777777777,27.876161616161642
2001,294,3.813232323232318,0.6901010101010099,29.211515151515144
2001,304,3.0690909090909084,0.7214141414141408,30.589191919191915
2001,313,3.0648484848484827,0.733636363636363,31.08181818181817
2001,319,1.9391919191919211,0.8234343434343441,34.80080808080805
2001,328,1.4310101010101026,0.8770707070707068,37.16525252525252
2001,334,0.392424242424243,0.9557575757575743,40.570505050505034
2001,353,0.34,0.9608080808080792,40.72737373737379
2001,357,0.34,0.9608080808080792,40.681414141414116
2001,362,0.34,0.9810101010101012,41.629191919191925
2001,363,0.34,0.9701010101010094,41.18111111111114
2001,364,0.34,0.9599999999999985,40.5223232323232
2003,3,0.34,0.9412121212121198,39.911212121212074
2003,7,0.34,0.8965656565656575,37.82585858585859
2003,8,0.34,0.8998989898989906,37.99171717171717
2003,9,0.34,0.8946464646464642,37.83343434343434
2003,10,0.34,0.9608080808080792,40.774848484848484
2003,11,0.34,0.9510101010101026,40.29191919191913
2003,14,0.34,0.9510101010101026,40.17505050505046
2003,16,0.34,0.9313131313131332,39.26414141414146
2003,17,0.34,0.94121212121212,39.76303030303026
2003,20,0.34,0.9510101010101026,40.223737373737414
2003,22,0.34,0.9510101010101026,40.260505050505074
2003,24,0.34,0.9235353535353553,39.20828282828282
2003,25,0.34,0.9209090909090921,38.956868686868674
2003,26,0.34,0.9215151515151533,39.12191919191917
2003,27,0.34,0.937171717171716,39.53717171717167
2003,35,0.39191919191919244,0.9293939393939381,39.40898989898991
2003,41,0.45555555555555644,0.9162626262626279,38.849393939393984
2003,42,0.47010101010101096,0.9229292929292937,39.177777777777806
2003,43,0.44494949494949587,0.9674747474747478,40.798080808080776
2003,44,0.3843434343434348,0.95080808080808,40.37292929292933
2003,45,0.3761616161616166,0.9373737373737365,39.787575757575794
2003,46,0.34,0.9502020202020218,40.12818181818184
2003,47,0.34,0.96131313131313,40.8023232323233
2003,50,0.34,0.94121212121212,39.83232323232323
2003,51,0.34,0.9314141414141434,39.27373737373733
2003,52,0.34,0.9314141414141434,39.363838383838385
2003,54,0.34,0.9510101010101026,40.1065656565657
2003,57,0.34,0.932121212121213,39.4329292929293
2003,59,0.34,0.9314141414141434,39.45070707070712
2003,60,0.34,0.9314141414141434,39.47020202020205
2003,61,0.34,0.921616161616163,39.058585858585886
2003,62,0.34,0.9314141414141434,39.34252525252525
2003,70,0.34,0.9118181818181798,38.70525252525247
2003,73,0.34,0.9118181818181798,38.63646464646469
2003,232,4.581818181818178,0.5826262626262638,24.6931313131313
2003,287,4.0620202020201965,0.6518181818181813,27.50818181818183
2003,294,3.9806060606060547,0.6576767676767672,27.738484848484838
2003,304,3.94595959595959,0.6889898989898995,29.213535353535363
2003,313,1.7097979797979808,0.8298989898989905,35.118585858585874
2003,319,1.4407070707070722,0.8327272727272738,35.17949494949493
2003,328,1.29919191919192,0.8474747474747484,35.8678787878788
2003,334,1.4096969696969708,0.8437373737373749,35.717474747474746
2003,353,1.1275757575757586,0.8910101010101,37.77686868686872
2003,357,1.1115151515151527,0.904747474747475,38.2521212121212
2003,362,0.34,0.9607070707070693,40.686969696969726
2003,363,0.34,0.9711111111111104,41.212626262626216
2003,364,0.34,0.9626262626262616,40.86979797979795
2004,3,0.34,0.9608080808080792,40.67484848484854
2004,7,0.34,0.9608080808080792,40.68464646464644
2004,8,0.34,0.9608080808080792,40.57737373737378
2004,9,0.34,0.9512121212121226,40.38111111111108
2004,10,0.34,0.9510101010101026,40.165959595959606
2004,11,0.34,0.9510101010101026,40.28171717171719
2004,14,0.34,0.9510101010101026,40.10616161616166
2004,16,0.34,0.9510101010101026,40.340101010100994
2004,17,0.34,0.952121212121213,40.42777777777783
2004,20,0.34,0.9598989898989886,40.48646464646461
2004,22,0.34,0.9406060606060596,39.769393939393964
2004,24,0.34,0.9681818181818174,40.852121212121205
2004,25,0.34,0.9500000000000015,40.28727272727271
2004,26,0.34,0.9590909090909077,40.523232323232314
2004,27,0.34,0.9497979797979815,40.26090909090909
2004,35,0.34,0.9297979797979806,39.319393939393954
2004,41,0.34,0.94121212121212,39.810808080808094
2004,42,0.34,0.9411111111111098,39.73212121212124
2004,43,0.34,0.9411111111111098,39.682525252525195
2004,44,0.34,0.94121212121212,39.89979797979801
2004,45,0.34,0.9607070707070693,40.47737373737369
2004,46,0.34,0.9509090909090925,40.13444444444442
2004,47,0.34,0.9705050505050496,40.94636363636359
2004,50,0.34,0.9423232323232316,39.99929292929298
2004,51,0.34,0.9266666666666673,39.17060606060605
2004,52,0.34,0.9190909090909071,38.95393939393939
2004,54,0.34,0.9015151515151524,38.16040404040403
2004,57,0.34,0.917272727272726,38.901414141414136
2004,59,0.34,0.9314141414141434,39.5384848484848
2004,60,0.34,0.9314141414141434,39.48939393939398
2004,61,0.34,0.935454545454546,39.67848484848484
2004,62,0.34,0.9252525252525264,39.09676767676769
2004,70,0.34,0.9118181818181798,38.67535353535356
2004,73,0.34,0.9132323232323217,38.784444444444404
2004,232,4.507272727272722,0.5944444444444448,25.189090909090893
2004,287,4.108989898989894,0.6539393939393947,27.554040404040386
2004,294,3.937878787878785,0.5710101010101006,24.188686868686876
2004,304,0.34,0.9319191919191934,39.55787878787873
2004,313,0.34,0.8826262626262628,37.35474747474748
2004,319,0.34,0.9410101010100999,39.691515151515205
2004,328,0.34,0.959393939393938,40.587070707070666
2004,334,0.34,0.9510101010101026,40.29242424242418
2004,353,0.34,0.94121212121212,39.94737373737372
2004,357,0.34,0.9608080808080792,40.717272727272686
2004,362,0.34,0.9520202020202024,40.37323232323232
2004,363,0.34,0.9520202020202024,40.277070707070685
2004,364,0.34,0.9452525252525242,39.98414141414141
2005,3,0.34,0.9699999999999992,41.031414141414146
2005,7,0.34,0.9613131313131302,40.81959595959592
2005,8,0.34,0.9614141414141404,40.71575757575757
2005,9,0.34,0.9616161616161605,40.83969696969693
2005,10,0.34,0.9615151515151503,40.54686868686867
2005,11,0.34,0.9519191919191924,40.36585858585862
2005,14,0.34,0.9608080808080792,40.47949494949491
2005,16,0.34,0.9510101010101026,40.16535353535355
2005,17,0.34,0.94121212121212,39.67565656565658
2005,20,0.34,0.9510101010101026,40.12636363636368
2005,22,0.34,0.9608080808080792,40.54303030303028
2005,24,0.34,0.9513131313131327,40.382828282828264
2005,25,0.34,0.9608080808080792,40.47717171717167
2005,26,0.34,0.9459595959595948,40.06474747474747
2005,27,0.34,0.9265656565656579,39.281414141414146
2005,35,0.34,0.94121212121212,39.649292929292926
2005,41,0.34,0.9401010101010089,39.85303030303033
2005,42,0.34,0.9345454545454552,39.62585858585857
2005,43,0.34,0.9237373737373735,39.03131313131311
2005,44,0.34,0.9608080808080792,40.733333333333384
2005,45,0.34,0.9624242424242414,40.86979797979795
2005,46,0.34,0.9608080808080792,40.63484848484852
2005,47,0.34,0.9524242424242431,40.438787878787856
2005,50,0.34,0.9251515151515163,39.09676767676769
2005,51,0.34,0.9085858585858592,38.3818181818182
2005,52,0.34,0.8981818181818187,37.97929292929293
2005,54,0.34,0.8663636363636366,36.61232323232322
2005,57,0.34,0.780707070707071,32.987373737373744
2005,59,0.34,0.8532323232323222,36.09363636363637
2005,60,0.34,0.925454545454546,39.12717171717172
2005,61,0.34,0.89959595959596,38.046969696969704
2005,62,0.34,0.8661616161616159,36.718585858585854
2005,70,0.34,0.9118181818181798,38.52919191919197
2005,73,0.34,0.921616161616163,38.910202020201986
2005,232,4.489595959595955,0.5943434343434347,25.185151515151496
2005,287,3.974949494949491,0.6543434343434339,27.599797979797973
2005,294,0.6613131313131322,0.8796969696969706,37.35606060606062
2005,304,0.47797979797979906,0.9089898989899007,38.57939393939397
2005,313,0.47797979797979906,0.8926262626262631,37.86767676767677
2005,319,0.40848484848484923,0.9228282828282847,39.085555555555594
2005,328,0.4258585858585868,0.9403030303030318,39.903333333333315
2005,334,0.4093939393939402,0.9407070707070723,39.911616161616145
2005,353,0.3718181818181822,0.9543434343434334,40.26888888888892
2005,357,0.38171717171717223,0.9450505050505065,40.05080808080809
2005,362,0.3865656565656571,0.9541414141414127,40.34434343434346
2005,363,0.38797979797979854,0.9449494949494962,40.08777777777775
2005,364,0.3906060606060612,0.9518181818181809,40.16111111111115
2008,3,0.34,0.9706060606060598,40.958989898989934
2008,7,0.34,0.9599999999999985,40.672727272727265
2008,8,0.34,0.9706060606060598,41.104747474747526
2008,9,0.34,0.9609090909090894,40.79303030303032
2008,10,0.34,0.9608080808080792,40.71444444444448
2008,11,0.34,0.9510101010101026,40.370808080808125
2008,14,0.34,0.94121212121212,39.80333333333327
2008,16,0.34,0.9510101010101026,40.12636363636368
2008,17,0.34,0.9510101010101026,40.213232323232276
2008,20,0.34,0.9608080808080792,40.55232323232329
2008,22,0.34,0.9664646464646456,40.87030303030302
2008,24,0.34,0.9519191919191924,40.40030303030303
2008,25,0.34,0.9699999999999992,40.881212121212066
2008,26,0.34,0.9419191919191914,39.98535353535354
2008,27,0.34,0.9619191919191908,40.620909090909095
2008,35,0.34,0.94121212121212,39.950202020202006
2008,41,0.34,0.94121212121212,39.77393939393942
2008,42,0.34,0.94121212121212,39.7589898989899
2008,43,0.34,0.9314141414141434,39.36161616161615
2008,44,0.34,0.9328282828282838,39.615656565656614
2008,45,0.34,0.9413131313131301,39.96000000000003
2008,46,0.34,0.9314141414141434,39.44747474747479
2008,47,0.34,0.94121212121212,39.75434343434348
2008,50,0.34,0.9521212121212126,40.33030303030299
2008,51,0.34,0.9382828282828274,39.655555555555544
2008,52,0.34,0.943333333333332,39.923636363636376
2008,54,0.34,0.9257575757575772,39.224747474747495
2008,57,0.34,0.921616161616163,39.087777777777845
2008,59,0.34,0.9314141414141434,39.33292929292936
2008,60,0.34,0.9308080808080827,39.22484848484852
2008,61,0.34,0.9314141414141434,39.39030303030307
2008,62,0.34,0.921616161616163,38.81868686868685
2008,70,0.34,0.9118181818181798,38.656262626262674
2008,73,0.34,0.9118181818181798,38.4886868686869
2008,232,4.599191919191914,0.5891919191919196,24.865151515151506
2008,287,4.246565656565652,0.6278787878787885,26.602929292929275
2008,294,4.155959595959592,0.6541414141414149,27.71080808080809
2008,304,3.981414141414136,0.6630303030303041,28.02090909090909
2008,313,3.8321212121212076,0.6766666666666672,28.538383838383837
2008,319,3.636161616161611,0.6751515151515146,28.576565656565652
2008,328,3.432525252525248,0.7093939393939391,30.06777777777778
2008,334,0.6276767676767693,0.9203030303030312,38.8791919191919
2008,353,0.35969696969696996,0.9435353535353534,39.89959595959596
2008,357,0.34,0.9536363636363646,40.35565656565655
2008,362,0.34,0.9608080808080792,40.76282828282823
2008,363,0.34,0.9608080808080792,40.61515151515156
2008,364,0.34,0.9608080808080792,40.621414141414135
2009,3,0.34,0.9706060606060598,40.89030303030299
2009,7,0.34,0.9524242424242431,40.44080808080807
2009,8,0.34,0.9608080808080792,40.54606060606062
2009,9,0.34,0.94121212121212,39.847979797979775
2009,10,0.34,0.9406060606060596,39.64858585858589
2009,11,0.34,0.9309090909090928,39.29767676767673
2009,14,0.34,0.9185858585858597,38.887070707070706
2009,16,0.34,0.935252525252524,39.539292929292955
2009,17,0.3413131313131314,0.9353535353535344,39.68565656565654
2009,20,0.3531313131313133,0.9339393939393932,39.63090909090914
2009,22,0.3614141414141417,0.9639393939393938,40.863131313131305
2009,24,0.34929292929292943,0.9522222222222209,40.21252525252531
2009,25,0.3435353535353536,0.9484848484848502,40.082323232323276
2009,26,0.34,0.9508080808080824,40.15959595959597
2009,27,0.34,0.94121212121212,39.93969696969702
2009,35,0.34,0.933030303030304,39.619898989898964
2009,41,0.34,0.9510101010101026,40.08131313131316
2009,42,0.34,0.9510101010101026,40.22404040404044
2009,43,0.34,0.9420202020202012,39.98878787878784
2009,44,0.34,0.9519191919191923,40.16131313131315
2009,45,0.34,0.9510101010101026,40.31282828282835
2009,46,0.34,0.94121212121212,39.89101010101007
2009,47,0.34,0.9598989898989884,40.51020202020199
2009,50,0.34,0.9314141414141434,39.45909090909089
2009,51,0.34,0.9328282828282838,39.6155555555556
2009,52,0.34,0.94121212121212,39.92040404040406
2009,54,0.34,0.9624242424242414,40.87060606060603
2009,57,0.34,0.9314141414141434,39.52888888888892
2009,59,0.34,0.9223232323232339,39.15616161616158
2009,60,0.34,0.9227272727272744,39.16606060606063
2009,61,0.34,0.8976767676767682,38.02020202020203
2009,62,0.34,0.9314141414141434,39.283232323232355
2009,70,0.34,0.9314141414141434,39.496363636363604
2009,73,0.34,0.921616161616163,39.03808080808084
2009,232,4.527070707070702,0.5932323232323237,25.140606060606054
2009,287,3.901414141414138,0.6651515151515149,28.139595959595965
2009,294,0.521010101010102,0.9001010101010086,38.219494949494916
2009,304,0.5062626262626273,0.9094949494949508,38.575858585858576
2009,313,0.4777777777777788,0.9271717171717168,39.3535353535353
2009,319,0.5112121212121222,0.9185858585858575,38.72626262626261
2009,328,0.5900000000000011,0.9079797979797993,38.5288888888889
2009,334,0.6377777777777792,0.9136363636363625,38.61181818181821
2009,353,0.34,0.9510101010101026,40.15616161616158
2009,357,0.34,0.9510101010101026,40.26232323232326
2009,362,0.34,0.96141414141414,40.8110101010101
2009,363,0.34,0.9627272727272718,40.880202020202056
2009,364,0.34,0.9800000000000004,41.40171717171714
2010,3,0.34,0.9509090909090925,40.09636363636363
2010,7,0.34,0.952121212121213,40.411717171717115
2010,8,0.34,0.952323232323233,40.42070707070711
2010,9,0.34,0.9520202020202029,40.39606060606062
2010,10,0.34,0.9500000000000014,40.10717171717175
2010,11,0.34,0.9497979797979814,40.09434343434347
2010,14,0.34,0.9509090909090925,40.0569696969697
2010,16,0.34,0.9509090909090925,40.07737373737374
2010,17,0.34,0.9599999999999985,40.64444444444448
2010,20,0.34,0.9721212121212118,41.26292929292928
2010,22,0.34,0.9800000000000004,41.302929292929264
2010,24,0.34,0.952121212121213,40.42969696969703
2010,25,0.34,0.9608080808080792,40.77252525252528
2010,26,0.34,0.9543434343434353,40.51010101010102
2010,27,0.34,0.9510101010101026,40.19444444444443
2010,35,0.34,0.9608080808080792,40.69313131313135
2010,41,0.34,0.94121212121212,39.901212121212154
2010,42,0.34,0.9510101010101026,40.23404040404036
2010,43,0.34,0.94121212121212,39.66666666666663
2010,44,0.34,0.9227272727272744,39.16606060606063
2010,45,0.34,0.9122222222222204,38.72545454545453
2010,46,0.34,0.921616161616163,38.90181818181822
2010,47,0.34,0.9137373737373725,38.80414141414137
2010,50,0.34,0.9349494949494956,39.51292929292929
2010,51,0.34,0.9177777777777765,38.897171717171716
2010,52,0.34,0.9510101010101026,40.3716161616162
2010,54,0.34,0.9314141414141434,39.52848484848488
2010,57,0.34,0.8777777777777779,37.267171717171685
2010,59,0.34,0.9314141414141434,39.509090909090965
2010,60,0.34,0.9314141414141434,39.44858585858591
2010,61,0.34,0.94121212121212,39.78363636363631
2010,62,0.34,0.8968686868686878,37.97454545454544
2010,70,0.34,0.921616161616163,39.01888888888894
2010,73,0.34,0.9118181818181798,38.60757575757575
2010,232,4.485252525252521,0.5859595959595971,24.74565656565655
2010,287,0.7837373737373754,0.8774747474747456,37.24676767676772
2010,294,0.7663636363636378,0.8017171717171712,33.94989898989899
2010,304,0.8794949494949509,0.8814141414141413,37.324040404040424
2010,313,0.5972727272727286,0.9223232323232318,39.15979797979792
2010,319,0.5943434343434356,0.9190909090909081,38.980404040404
2010,328,0.4179797979797988,0.9525252525252511,40.372525252525215
2010,334,0.3749494949494954,0.9469696969696986,40.179494949494924
2010,353,0.34,0.9781818181818185,41.493232323232306
2010,357,0.34,0.9804040404040408,41.31161616161622
2010,362,0.34,0.9339393939393954,39.659595959595976
2010,363,0.34,0.9621212121212112,40.799696969696946
2010,364,0.34,0.9706060606060598,40.92020202020207
2014,3,0.7752525252525264,0.910606060606062,38.61383838383838
2014,7,0.7784848484848497,0.9095959595959598,38.58191919191922
2014,8,0.7744444444444456,0.9144444444444438,38.628080808080824
2014,9,0.769797979797981,0.917272727272726,38.78292929292929
2014,10,0.7624242424242436,0.8984848484848473,38.00545454545454
2014,11,0.7676767676767688,0.9042424242424254,38.23272727272726
2014,14,0.8312121212121224,0.8778787878787883,37.22383838383838
2014,16,0.9429292929292941,0.8527272727272736,36.16030303030302
2014,17,1.0400000000000011,0.8420202020202028,35.63191919191919
2014,20,1.3746464646464662,0.8304040404040405,35.21848484848484
2014,22,1.5560606060606081,0.8217171717171718,34.83333333333334
2014,24,1.7123232323232347,0.8303030303030312,35.10868686868687
2014,25,1.7418181818181842,0.8120202020202029,34.38414141414142
2014,26,1.8003030303030325,0.8330303030303027,35.19171717171718
2014,27,1.8132323232323255,0.8183838383838378,34.703838383838395
2014,35,1.7804040404040429,0.8323232323232334,35.202828282828314
2014,41,1.4880808080808097,0.8207070707070718,34.74515151515154
2014,42,1.6200000000000019,0.8185858585858594,34.564949494949495
2014,43,1.70757575757576,0.8034343434343436,33.93010101010102
2014,44,1.7909090909090932,0.7910101010101003,33.52040404040405
2014,45,1.8723232323232348,0.7737373737373741,32.8068686868687
2014,46,1.9722222222222245,0.7719191919191911,32.7159595959596
2014,47,2.056969696969699,0.7727272727272735,32.62878787878788
2014,50,2.2363636363636386,0.7735353535353542,32.68727272727273
2014,51,2.2673737373737395,0.7471717171717173,31.621414141414128
2014,52,2.3293939393939413,0.7538383838383842,31.82747474747474
2014,54,2.4377777777777796,0.7513131313131323,31.772222222222233
2014,57,2.556767676767679,0.7784848484848482,33.00262626262626
2014,59,2.0424242424242434,0.8244444444444443,34.872323232323225
2014,60,1.4680808080808099,0.8329292929292924,35.219696969696955
2014,61,1.311515151515153,0.9099999999999991,38.6027272727273
2014,62,0.323131313131313,0.9116161616161631,38.42595959595959
2014,70,0.34,0.9118181818181798,38.588383838383855
2014,73,0.34,0.902626262626263,38.3237373737374
2014,232,5.175151515151511,0.5552525252525259,23.47353535353534
2014,287,4.64313131313131,0.6192929292929304,26.109494949494927
2014,294,4.254040404040399,0.6383838383838387,27.04383838383839
2014,304,3.9342424242424188,0.6823232323232323,28.95686868686867
2014,313,3.636262626262621,0.6878787878787884,29.04747474747474
2014,319,3.154242424242423,0.7300000000000006,30.803939393939388
2014,328,2.9795959595959594,0.7421212121212114,31.391616161616156
2014,334,2.982222222222221,0.7507070707070711,31.827474747474742
2014,353,0.34,0.9706060606060598,40.919595959596016
2014,357,0.34,0.94121212121212,39.92020202020204
2014,362,0.34,0.9706060606060598,40.94131313131315
2014,363,0.34,0.9804040404040408,41.42828282828287
2014,364,0.34,0.9804040404040408,41.30212121212121
2017,3,0.34,0.9723232323232319,41.28909090909098
2017,7,0.34,0.9699999999999992,40.892626262626315
2017,8,0.34,0.9399999999999987,39.623636363636386
2017,9,0.34,0.9444444444444433,39.88191919191919
2017,10,0.34,0.9386868686868699,39.83333333333334
2017,11,0.34,0.9438383838383821,39.96888888888888
2017,14,0.34,0.9608080808080792,40.625959595959564
2017,16,0.34,0.9608080808080792,40.61616161616166
2017,17,0.34,0.9608080808080792,40.49888888888884
2017,20,0.34,0.9800000000000004,41.32111111111109
2017,22,0.34,0.9800000000000004,41.421818181818146
2017,24,0.34,0.9601010101010085,40.663131313131345
2017,25,0.34,0.9608080808080792,40.733333333333384
2017,26,0.34,0.9608080808080792,40.56545454545454
2017,27,0.34,0.9526262626262633,40.455555555555534
2017,35,0.34,0.9513131313131327,40.381515151515124
2017,41,0.34,0.9450505050505038,39.89191919191919
2017,42,0.34,0.9182828282828273,38.949797979797985
2017,43,0.34,0.94121212121212,39.76414141414137
2017,44,0.34,0.9314141414141434,39.42070707070703
2017,45,0.34,0.94121212121212,39.93898989898995
2017,46,0.34,0.9222222222222237,39.146767676767716
2017,47,0.34,0.8977777777777781,38.0848484848485
2017,50,0.34,0.9281818181818187,39.29545454545455
2017,51,0.34,0.9404040404040418,39.85424242424241
2017,52,0.34,0.9113131313131319,38.64888888888888
2017,54,0.34,0.94121212121212,39.920505050505064
2017,57,0.34,0.9041414141414138,38.369494949494964
2017,59,0.34,0.94121212121212,39.72444444444441
2017,60,0.34,0.921616161616163,38.83262626262628
2017,61,0.34,0.9118181818181798,38.450202020202035
2017,62,0.34,0.9020202020202028,38.18626262626265
2017,70,0.34,0.9037373737373736,38.37696969696969
2017,73,0.34,0.8857575757575762,37.39030303030302
2017,232,4.521212121212116,0.6028282828282839,25.406161616161594
2017,287,3.981212121212115,0.6566666666666663,27.80474747474746
2017,294,3.9352525252525195,0.66050505050505,27.878181818181805
2017,304,3.8733333333333277,0.7019191919191924,29.607777777777777
2017,313,2.8498989898989904,0.746161616161617,31.566363636363644
2017,319,2.5991919191919215,0.7712121212121213,32.694444444444436
2017,328,2.4965656565656587,0.7673737373737368,32.419393939393956
2017,334,2.4501010101010126,0.7802020202020209,32.96575757575757
2017,353,2.245656565656568,0.8144444444444443,34.473838383838384
2017,357,2.0828282828282854,0.8246464646464641,34.95161616161617
2017,362,1.9722222222222243,0.823131313131314,34.78767676767677
2017,363,1.9730303030303054,0.816262626262626,34.59080808080808
2017,364,1.98767676767677,0.8229292929292942,34.78828282828285
2019,3,0.34,0.9608080808080792,40.66898989898988
2019,7,0.34,0.9707070707070701,41.19353535353531
2019,8,0.34,0.9608080808080792,40.66525252525247
2019,9,0.34,0.9608080808080792,40.65575757575759
2019,10,0.34,0.9608080808080792,40.674949494949544
2019,11,0.34,0.9432323232323221,39.97626262626262
2019,14,0.34,0.9719191919191916,41.27181818181827
2019,16,0.34,0.9800000000000004,41.44121212121207
2019,17,0.34,0.9706060606060599,41.20131313131318
2019,20,0.34,0.94121212121212,39.77414141414145
2019,22,0.34,0.9510101010101026,40.3515151515152
2019,24,0.34,0.94121212121212,39.88070707070711
2019,25,0.34,0.9318181818181834,39.55767676767671
2019,26,0.34,0.94121212121212,39.78303030303025
2019,27,0.34,0.94121212121212,39.782222222222174
2019,35,0.34,0.9614141414141404,40.812828282828335
2019,41,0.34,0.9613131313131303,40.553838383838354
2019,42,0.34,0.9510101010101026,40.175252525252475
2019,43,0.34,0.9510101010101026,40.116565656565626
2019,44,0.34,0.9800000000000004,41.32313131313127
2019,45,0.34,0.9599999999999985,40.500707070707
2019,46,0.34,0.9518181818181825,40.41979797979795
2019,47,0.34,0.9510101010101026,40.31171717171724
2019,50,0.34,0.9510101010101026,40.27282828282823
2019,51,0.34,0.9336363636363652,39.41141414141413
2019,52,0.34,0.9179797979797961,38.727979797979785
2019,54,0.34,0.9418181818181809,39.97929292929297
2019,57,0.34,0.9510101010101026,40.058080808080824
2019,59,0.34,0.9318181818181827,39.335555555555544
2019,60,0.34,0.9413131313131301,39.784444444444446
2019,61,0.34,0.9288888888888897,39.3759595959596
2019,62,0.34,0.9184848484848466,38.82666666666669
2019,70,0.34,0.9428282828282822,40.03707070707073
2019,73,0.34,0.921616161616163,39.04676767676763
2019,232,4.477878787878783,0.601717171717172,25.333939393939367
2019,287,3.909393939393934,0.6733333333333338,28.46161616161615
2019,294,3.8234343434343385,0.6663636363636359,28.108282828282803
2019,304,3.6949494949494905,0.6800000000000009,28.688181818181818
2019,313,3.636262626262621,0.6785858585858581,28.745656565656546
2019,319,3.5485858585858545,0.713131313131314,30.121818181818178
2019,328,2.9888888888888885,0.7308080808080806,30.842424242424254
2019,334,2.1215151515151525,0.7502020202020206,31.729696969696978
2019,353,0.34,0.9608080808080792,40.61606060606066
2019,357,0.34,0.9424242424242428,39.920707070707074
2019,362,0.34,0.9706060606060598,40.95878787878791
2019,363,0.34,0.9706060606060598,41.17292929292926
2019,364,0.34,0.9706060606060598,41.028080808080745
2021,3,0.34,0.9706060606060598,41.05414141414141
2021,7,0.34,0.9602020202020188,40.523232323232264
2021,8,0.34,0.9507070707070723,40.28454545454547
2021,9,0.34,0.9599999999999986,40.503535353535376
2021,10,0.34,0.9505050505050521,40.33090909090906
2021,11,0.34,0.9503030303030319,40.284343434343434
2021,14,0.34,0.9392929292929284,39.59717171717174
2021,16,0.34,0.9377777777777768,39.55111111111108
2021,17,0.336969696969697,0.9294949494949505,39.44131313131313
2021,20,0.35171717171717193,0.955454545454544,40.42595959595955
2021,22,0.3559595959595962,0.9459595959595961,39.9720202020202
2021,24,0.3465656565656567,0.9465656565656566,40.02848484848485
2021,25,0.34696969696969715,0.9639393939393931,40.76525252525251
2021,26,0.3402020202020203,0.9613131313131305,40.80606060606064
2021,27,0.34,0.9803030303030307,41.445959595959636
2021,35,0.34,0.9510101010101026,40.32222222222222
2021,41,0.34,0.9520202020202029,40.401010101010066
2021,42,0.34,0.9510101010101026,40.10676767676772
2021,43,0.34,0.9427272727272721,40.028888888888844
2021,44,0.34,0.9510101010101026,40.14585858585862
2021,45,0.34,0.9510101010101026,40.15303030303027
2021,46,0.34,0.9510101010101026,40.35101010101014
2021,47,0.34,0.94121212121212,39.819191919191994
2021,50,0.34,0.9325252525252536,39.58858585858584
2021,51,0.34,0.9501010101010117,40.12818181818184
2021,52,0.34,0.9298989898989917,39.24313131313134
2021,54,0.34,0.920101010101012,39.0612121212121
2021,57,0.3420202020202021,0.9155555555555571,38.852626262626295
2021,59,0.3609090909090912,0.9207070707070725,38.894949494949564
2021,60,0.3724242424242428,0.9003030303030284,38.186666666666625
2021,61,0.40434343434343506,0.9174747474747493,38.864646464646455
2021,62,0.4286868686868695,0.9188888888888896,38.99313131313132
2021,70,0.5033333333333344,0.8863636363636367,37.606262626262634
2021,73,0.3407070707070708,0.8888888888888892,37.486767676767684
2021,232,4.608989898989894,0.6015151515151524,25.415858585858597
2021,287,3.906868686868682,0.6593939393939393,27.941414141414125
2021,294,3.8897979797979745,0.6608080808080804,27.965555555555547
2021,304,0.7838383838383856,0.9191919191919207,38.98929292929297
2021,313,0.6111111111111127,0.9352525252525239,39.63090909090912
2021,319,0.6480808080808096,0.908888888888888,38.3641414141414
2021,328,0.649494949494951,0.9175757575757587,38.732222222222255
2021,334,0.6945454545454561,0.9146464646464659,38.64888888888889
2021,353,0.34,0.9619191919191908,40.831818181818164
2021,357,0.34,0.981414141414141,41.66797979797976
2021,362,0.34,0.9699999999999992,41.09646464646464
2021,363,0.34,0.9800000000000004,41.328686868686916
2021,364,0.34,0.9805050505050505,41.62050505050507
2023,3,0.34,0.9627272727272717,40.87242424242425
2023,7,0.34,0.9704040404040396,40.885656565656554
2023,8,0.34,0.9611111111111099,40.801616161616145
2023,9,0.34,0.9699999999999992,41.12111111111113
2023,10,0.34,0.9614141414141404,40.82232323232319
2023,11,0.34,0.9804040404040408,41.3612121212121
2023,14,0.34,0.9800000000000004,41.30868686868692
2023,16,0.34,0.9599999999999985,40.71575757575758
2023,17,0.34,0.9611111111111097,40.80171717171724
2023,20,0.34,0.9608080808080792,40.682929292929266
2023,22,0.34,0.9608080808080792,40.576666666666725
2023,24,0.34,0.9510101010101026,40.20343434343438
2023,25,0.34,0.9423232323232316,39.998989898989954
2023,26,0.34,0.9510101010101026,40.166565656565666
2023,27,0.34,0.9510101010101026,40.146262626262654
2023,35,0.34,0.9399999999999987,39.75585858585857
2023,41,0.34,0.9328282828282838,39.615656565656614
2023,42,0.34,0.9512121212121226,40.38131313131311
2023,43,0.34,0.9706060606060598,41.01757575757578
2023,44,0.34,0.9608080808080792,40.52797979797982
2023,45,0.34,0.9608080808080792,40.77161616161618
2023,46,0.34,0.9510101010101026,40.20505050505054
2023,47,0.34,0.9526262626262633,40.45000000000003
2023,50,0.34,0.9430303030303024,40.0475757575757
2023,51,0.34,0.9334343434343443,39.636666666666706
2023,52,0.34,0.9510101010101026,40.22333333333337
2023,54,0.34,0.9723232323232319,41.28070707070709
2023,57,0.34,0.9497979797979815,40.02989898989903
2023,59,0.34,0.94121212121212,39.95050505050503
2023,60,0.34,0.9608080808080792,40.556868686868754
2023,61,0.34,0.94121212121212,39.92787878787873
2023,62,0.34,0.94121212121212,39.93121212121208
2023,70,0.34,0.9024242424242428,38.128787878787875
2023,73,0.34,0.981414141414141,41.670404040404
2023,232,4.314141414141409,0.6463636363636361,27.405959595959587
2023,287,1.0436363636363661,0.8705050505050517,36.92242424242428
2023,294,1.06747474747475,0.8589898989898972,36.384343434343464
2023,304,1.0590909090909115,0.864949494949496,36.67666666666667
2023,313,1.1937373737373762,0.872222222222221,36.87434343434342
2023,319,1.2593939393939415,0.8550505050505063,36.201414141414126
2023,328,0.7617171717171732,0.9249494949494937,39.11474747474746
2023,334,0.7429292929292944,0.9374747474747468,39.69585858585859
2023,353,0.7916161616161631,0.9375757575757576,39.61444444444446
2023,357,0.5131313131313141,0.9583838383838377,40.55484848484853
2023,362,0.34,0.9706060606060598,40.89080808080804
2023,363,0.34,0.9599999999999985,40.70303030303033
2023,364,0.34,0.953636363636365,40.3269696969697
2024,3,0.34,0.9459595959595949,40.049595959595955
2024,7,0.34,0.9608080808080792,40.752727272727306
2024,8,0.34,0.9608080808080792,40.66474747474742
2024,9,0.34,0.9608080808080792,40.77060606060607
2024,10,0.34,0.9619191919191908,40.83131313131312
2024,11,0.34,0.9608080808080792,40.76212121212116
2024,14,0.34,0.9608080808080792,40.74252525252521
2024,16,0.34,0.9510101010101026,40.328181818181875
2024,17,0.34,0.9633333333333327,40.79777777777776
2024,20,0.34,0.9800000000000004,41.46252525252522
2024,22,0.34,0.9711111111111106,41.21515151515147
2024,24,0.34,0.9804040404040408,41.3315151515152
2024,25,0.34,0.9608080808080792,40.508787878787906
2024,26,0.34,0.94121212121212,39.928282828282775
2024,27,0.34,0.94121212121212,39.71474747474751
2024,35,0.34,0.9800000000000004,41.53858585858592
2024,41,0.34,0.9510101010101026,40.36141414141411
2024,42,0.34,0.9510101010101026,40.2344444444444
2024,43,0.34,0.9510101010101026,40.13474747474744
2024,44,0.34,0.9510101010101026,40.350404040404094
2024,45,0.34,0.9608080808080792,40.53676767676762
2024,46,0.34,0.9510101010101026,40.35161616161621
2024,47,0.34,0.9516161616161628,40.390808080808114
2024,50,0.34,0.9800000000000004,41.53979797979804
2024,51,0.34,0.9711111111111106,41.23111111111105
2024,52,0.34,0.9510101010101026,40.302323232323246
2024,54,0.34,0.94121212121212,39.959393939393976
2024,57,0.34,0.9525252525252531,40.449292929292966
2024,59,0.34,0.9314141414141434,39.47858585858582
2024,60,0.34,0.9314141414141434,39.43999999999995
2024,61,0.34,0.9264646464646472,39.07141414141417
2024,62,0.34,0.9196969696969681,38.922525252525254
2024,70,0.34,0.9314141414141434,39.49858585858582
2024,73,0.34,0.921616161616163,39.05656565656568
2024,232,4.390404040404036,0.5998989898989903,25.30202020202018
2024,287,4.026363636363631,0.6690909090909096,28.20101010101012
2024,294,3.7704040404040344,0.6789898989899,28.79080808080807
2024,304,3.518484848484844,0.7069696969696966,29.941414141414125
2024,313,3.18515151515151,0.729393939393939,30.866161616161605
2024,319,2.9921212121212095,0.7457575757575753,31.585757575757555
2024,328,2.758181818181818,0.7898989898989898,33.441515151515155
2024,334,1.626363636363638,0.839494949494949,35.47282828282828
2024,353,1.5523232323232343,0.8388888888888885,35.54777777777779
2024,357,1.582121212121214,0.8647474747474742,36.57737373737375
2024,362,1.457878787878789,0.8723232323232317,36.913030303030304
2024,363,1.4214141414141428,0.8629292929292927,36.458484848484886
2024,364,1.4065656565656577,0.8630303030303028,36.459696969697
2025,3,1.392727272727274,0.8607070707070711,36.483737373737384
2025,7,1.406666666666668,0.8614141414141417,36.529797979798
2025,8,1.406666666666668,0.8658585858585859,36.56535353535358
2025,9,1.4051515151515164,0.8514141414141405,36.08585858585862
2025,10,1.4111111111111125,0.8518181818181814,36.10686868686873
2025,11,1.4174747474747487,0.8562626262626268,36.199494949494955
2025,14,1.4252525252525265,0.8570707070707078,36.23898989898989
2025,16,1.4353535353535367,0.8490909090909083,35.9049494949495
2025,17,1.44878787878788,0.8656565656565648,36.673232323232355
2025,20,1.4203030303030315,0.8516161616161606,36.05323232323233
2025,22,1.4450505050505063,0.8373737373737389,35.357474747474754
2025,24,1.4962626262626277,0.8309090909090922,35.17606060606062
2025,25,1.5249494949494964,0.855757575757575,36.208181818181835
2025,26,1.2668686868686883,0.8932323232323228,37.80878787878787
2025,27,0.9562626262626275,0.9415151515151507,39.92323232323235
2025,35,0.34,0.9525252525252532,40.19979797979801
2025,41,0.34,0.9516161616161628,40.391111111111144
2025,42,0.34,0.9500000000000017,40.162222222222255
2025,43,0.34,0.9541414141414156,40.286161616161614
2025,44,0.34,0.9635353535353529,40.72080808080809
2025,45,0.34,0.9426262626262617,39.887272727272716
2025,46,0.34,0.94121212121212,39.73090909090911
2025,47,0.34,0.933030303030304,39.626262626262594
2025,50,0.34,0.9314141414141434,39.51696969696967
2025,51,0.34,0.9314141414141434,39.30292929292932
2025,52,0.34,0.9314141414141434,39.31353535353529
2025,54,0.34,0.921616161616163,39.03919191919195
2025,57,0.34,0.9118181818181798,38.576868686868636
2025,59,0.34,0.921616161616163,38.98030303030306
2025,60,0.34,0.9510101010101026,40.05767676767678
2025,61,0.34,0.94121212121212,39.89171717171715
2025,62,0.34,0.9226262626262643,39.16303030303033
2025,70,0.34,0.9706060606060598,40.93858585858589
2025,73,0.34,0.9721212121212118,41.09525252525254
2025,232,4.4525252525252474,0.5981818181818185,25.344545454545447
2025,287,3.6886868686868652,0.658181818181819,27.844040404040413
2025,294,0.34,0.94121212121212,39.646565656565635
2025,304,0.34,0.94121212121212,39.70393939393937
2025,313,0.34,0.9275757575757593,39.18393939393943
2025,319,0.34040404040404043,0.9385858585858573,39.77151515151516
2025,328,0.34,0.9608080808080792,40.73171717171721
2025,334,0.34,0.9619191919191908,40.841515151515196
2025,353,0.34,0.9501010101010117,40.281414141414196
2025,357,0.34,0.9630303030303025,40.74969696969698
2025,362,0.34,0.9608080808080792,40.50797979797983
2025,363,0.34,0.9608080808080792,40.5965656565657
2025,364,0.34,0.945151515151514,40.02424242424242
